district_name,city,year_started,month_started,one_to_one,grade_levels,device_type,notes,source_url,source_2,enrollment_count,enrollment_size,locale_type,google_search,google_sources
Adams Central Community Schools,Monroe,2020,April,,,Chromebook,upper bound (repairs page created),https://www.accs.k12.in.us/article/235666,,1357,Medium,Rural,,
Alexandria Community School Corporation,Alexandria,2017,September,,,Ipad,upper bound (insurance mentioned),https://www.facebook.com/profile/100063786570659/search/?q=ipad,,1374,Medium,Rural,,
Anderson Community Schools,Anderson,2016,January,Yes,6th grade (initially),Chromebook,upped bound (this is when 6th grade got it),https://acsc.edlioschool.com/apps/pages/index.jsp?uREC_ID=619342&type=d&pREC_ID=1094367,,6181,Large,Urban,,
Argos Community Schools,Argos,2015,June,,,"Tablet (k-1), Chromebook (2-12)",upper bound,https://www.facebook.com/profile/100040276016260/search/?q=chromebook,https://www.kiddermedia.com/wp-content/uploads/2019/02/Argos-15-16Sp-PROOF8.pdf,639,Small,Rural,,
Attica Consolidated School Corporation,Attica,2018,July,,,ipad (k-2) Chromebook (3-12),"upper bound (the personal Learning device agreement was updated july 2021, but a tech policy was updated july 2017 that doesn't specifcally mention 1:1 devices) High school facebook page shows them as early as 2018",https://files-backend.assets.thrillshare.com/documents/asset/uploaded_file/4029/Acsc/0c028cb5-6b3b-424f-8f92-8b4dacadf72f/3f5c75cc-57f2-49fe-b52f-108349c8a5ec.pdf?disposition=inline,https://files-backend.assets.thrillshare.com/documents/asset/uploaded_file/4029/Acsc/38736fd7-d028-491c-be6c-b3505b0cff66/915b9c99-5def-45e6-88b7-d9e36bff3627.pdf?disposition=inline,537,Small,Rural,,
Avon Community School Corporation,Avon,2021,July,Yes,Grades 6-12,Laptop (not Chromebook),"upper bound, first tech page archive in 2021",https://www.avon-schools.org/services/technology,https://web.archive.org/web/20210731095301/https://www.avon-schools.org/services/technology,10742,Large,Suburban,,
Barr-Reeve Community Schools,Montgomery,2016,July,,,Chromebooks,"upper bound, mention on facebook",https://www.facebook.com/profile/100063543403755/search/?q=chromebooks,,1029,Medium,Rural,,
Bartholomew Consolidated School Corporation,Columbus,2015,August,Yes,Grades 1-12,Mixed (HP Chromebooks 1-8; laptops HS),Tied to UDL implementation by 2008; specific Chromebook launch year not confirmed; CSA-New Tech receives different device,https://www.bcscschools.org/departments/technology-division/bcsc-technology-covid-19-pandemic-story,https://www.therepublic.com/2015/05/14/technology_in_hand/,11657,Large,Urban,,
Batesville Community School Corporation,Batesville,2014,,Yes,,ipad (k-2) Macbook air (3-12),,https://batesvilleinschools.com/departments/technology/,,2220,Medium,Rural,,
Baugo Community Schools,Elkhart,2016,,,At least 7-12,chromebooks,"upper bound. Chromebook guide appears may 2015, rollouts mentioned aug 2016",https://www.facebook.com/profile/100063621176256/search/?q=chromebook,,1849,Medium,Suburban,,
Beech Grove City Schools,Beech Grove,2014,july,,,ipads (2) chromebooks (3),Elemntary princpal mentions 1:1 in 2016. Teacher training shown for ipad minis in 2014-15,https://www.facebook.com/profile/100063694383396/search/?q=chromebook,,2790,Medium,Suburban,,
Benton Community School Corporation,Fowler,2013,sept,,jr-sr high,laptop,"bound, mentioned on facebook",https://www.facebook.com/profile/100063553810820/search/?q=laptop,,1601,Medium,Rural,,
Blackford County Schools,Hartford City,2020,,no,,chromebook,"went 1:1 during covid, but mentioned sharing in the year before (maybe mark 2020?)",https://www.facebook.com/profile/100063723995610/search/?q=chromebook,https://www.bcs.k12.in.us/o/bhs/article/323852,1412,Medium,Rural,,
Bloomfield School District,Bloomfield,2014,july,no,jr-sr high,various,mention in 2016 that they're on 3rd year of devices in schools. But it was bring your own (with laptops provide for those that can't afford),https://www.facebook.com/profile/100063465282911/search/?q=laptop,,852,Small,Rural,,
Blue River Valley Schools,Mount Summit,2016,August,,jr-sr high,chromebook,mention it on facebook,https://www.facebook.com/profile/100057201560146/search/?q=chromebook,,620,Small,Rural,,
Borden-Henryville School Corporation,Borden,2020,,Yes,K-12,Chromebook,COVID-era distribution; newly formed from West Clark split,https://www.newsandtribune.com/news/silver-creek-borden-henryville-distributing-chromebooks-after-delays/article_2b03aa4c-01c9-11eb-94ba-4b35389dfa30.html,,1733,Medium,Rural,,
Bremen Public Schools,Bremen,2016,,,8-Jun,chromebook,mentioned on facebook,https://www.facebook.com/profile/100063473263273/search/?q=chromebook,,1497,Medium,Rural,,
Brown County School Corporation,Nashville,2017,January,,jr-sr high,chromebooks,second semester of the year,https://bcdemocrat.com/2016/09/07/high-tech-high-school-districts-oldest-students-to-get-laptops-next-semester/,,1549,Medium,Rural,,
Brownsburg Community School Corporation,Brownsburg,2015,August,Yes (HS),High school (BHS),Laptop (not Chromebook),"upper bound; FB device-search CSS-decoded dates: oldest 2015-08-17, then 2017-11-27, 2018-11-02; BHS issues laptops at Bulldog Bootcamp; not a Chromebook district",https://bhs.brownsburg.k12.in.us/bhs-laptops,https://www.facebook.com/profile/100063613898685/search/?q=device,10503,Large,Suburban,,
Brownstown Central Community School Corporation,Brownstown,2020,Jan,,"6th grade pilot in jan 2020, 7-8th grade expansion next year",chromebook,middle school facebook page,https://www.facebook.com/profile/100030635332216/search/?q=chromebook,,1391,Medium,Rural,,
C.A. Beard Memorial School Corporation,Knightstown,,,,,,no public evidence of 1:1 found; FB has no chromebook/ipad/laptop posts; district website lacks tech device pages,,,1077,Medium,Rural,1,Google searches returned no 1:1 evidence; district homepage cabeard.k12.in.us has no device program info
Cannelton City Schools,Cannelton,,,,,,no public evidence of 1:1 found via FB or website; district has Apex Online Courses + Cannelton Virtual Academy but no device program info located,,,216,Small,Rural,1,Google searches returned no 1:1 evidence; cannelton.k12.in.us has no device program info
Carmel Clay Schools,Carmel,2020 (by),March,Yes,K-12,Chromebook,"upper bound; FB device-search CSS-decoded dates oldest 2020-03-12 (COVID-era); chromebook search oldest 2020-11-13; all K-12 students receive district-issued Chromebook",https://www.ccs.k12.in.us/services/technology-data-solutions/chromebooks,https://www.facebook.com/profile/100064008484854/search/?q=device,16145,Very Large,Urban,,
Carroll Consolidated School Corporation,Flora,2021,October,Yes (likely),HS confirmed,Chromebook,"upper bound; only FB chromebook hit is FAFSA night post 2021-10-14 reminding seniors to bring Chromebook; rollout likely earlier",https://www.facebook.com/profile/100069301255761/search/?q=chromebook,,1023,Medium,Rural,,
Caston School Corporation,Fulton,,,Yes,K-12,iPad (not Chromebook),district provides iPad to each K-12 student per Caston 1:1 Technology page; year not confirmed,https://www.caston.k12.in.us/parents/11-technology,,816,Small,Rural,1,Google search confirmed iPad K-12 1:1 program but no public start year identified
Center Grove Community School Corporation,Greenwood,2013,November,Yes,K-12,Mixed (iPads K-2; devices 3+),"upper bound; 'Mobile Minds 1:1 Project' / @CGMobileMinds; oldest FB iPad post 2013-11-21; 2014-07-30 expansion to 8th graders at MS Central & North; HS deployment 2014-07-31",https://www.centergrove.k12.in.us/departments/technology,https://www.facebook.com/profile/100064126623692/search/?q=ipad,9736,Large,Suburban,,
Centerville-Abington Community Schools,Centerville,,,Yes,3-12 1:1; K-2 classroom sets,iPad (not Chromebook),"district has 1:1 Technology Coordinator role; iPads grades 3-12 1:1 with K-2 classroom sets per Home in Wayne profile; year not confirmed",https://homeinwayne.com/learn/,,1755,Medium,Rural,1,"Google search snippet says ""grades 3-6 have Chromebooks; 7-12 have laptops take-home"" — conflicts with iPad-district existing notes; year not found"
Central Noble Community School Corporation,Albion,,,Yes (likely),Not specified,Mixed (iPad and MacBook; not Chromebook),district uses iPad and MacBook integration per district welcome page; not a Chromebook district; year not confirmed,https://www.centralnoble.k12.in.us/cncsc/welcome,,1095,Medium,Rural,,
Clarksville Community School Corporation,Clarksville,2013,May,Yes,K-12,Mixed (Chromebooks and iPads),FB 2013-05-16 post links to News Tribune board article on 'New 1-1 device approved' - board approval for 2013-14 SY rollout,https://newsandtribune.com/local/x6233457/New-1-1-device-approved-at-Clarksville-schools,https://www.facebook.com/profile/100063511313687/search/?q=chromebook,7174,Large,Suburban,,
Clark-Pleasant Community School Corporation,Whiteland,2020 (by),April,Yes,PreK-12 (take-home 6-12),Chromebook,"upper bound; FB chromebook CSS-decoded oldest 2020-04-08 (Chromebook repair Mondays at Admin office through May 15 - existing 1:1); rollout earlier",https://docs.google.com/document/d/e/2PACX-1vSNXT84LsuD4gvTn0tTQ0wm0NsX9JfR5Y1q0sfI90qq8Ay2JLnd0_pBN8uatxw9cQP2As-o9Rcvc2tJ/pub,https://www.facebook.com/profile/100063911443334/search/?q=chromebook,7179,Large,Suburban,,
Clay Community Schools,Brazil,2014,,Yes,K-12,Chromebook,"district stated 2023-24 was 10th year of 1:1 Device Program; Chromebook for all K-12; 2018 board meeting addressed Chromebook fee dispute",https://in02200674.schoolwires.net/cms/lib/IN02200674/Centricity/Domain/22/2022%202023%20CORP%20SECONDARY%20STUDENT%20HANDBOOK.pdf,https://www.thebraziltimes.com/story/2575575.html,3995,Medium,Rural,,
Clinton Central School Corporation,Michigantown,,,,,,no public evidence of 1:1 device program found via WebSearch or district website,,,902,Small,Rural,1,Google searches and clintoncentral.org returned no 1:1 evidence
Clinton Prairie School Corporation,Frankfort,,,Yes (HS),HS,,Clinton Prairie HS has 1:1 Learning Initiative (per search summary); device type and year not confirmed,https://hs.clintonprairie.com/,,1153,Medium,Rural,,
Cloverdale Community Schools,Cloverdale,2020,August,Yes,Middle School (initially),Chromebook,"FB posts Aug 3-6 2020 announce CMS chromebook distribution Aug. 5-6; COVID-era rollout; partnered with One2Onerisk for insurance",https://www.facebook.com/profile/100057204199555/search/?q=chromebook,,3029,Medium,Rural,,
Community Schools of Frankfort,Frankfort,,,,,,FB chromebook search 1 hit (date undecodable); device search hits are 'digital detox' anti-screen msgs (false positives); no rollout evidence found,https://www.frankfortschools.org/,https://www.facebook.com/csfhotdogs/,2972,Medium,Rural,,
Concord Community Schools,Elkhart,2019 (by),,Yes,District-wide (5500 students),Chromebook,Chromebook handbook PDF dated August 2019 (Wayback); adopted Google Workspace first,https://edu.google.com/intl/ALL_us/resources/customer-stories/concord-community-schools/,,5212,Large,Suburban,,
Covington Community School Corporation,Covington,,,Yes,Not specified,,district described as a '1:1 School Corporation' per search summary; device type and year not confirmed,https://www.covington.k12.in.us/,,903,Small,Rural,,
Cowan Community School Corporation,Muncie,,,,,,no public evidence of 1:1 program found,,,727,Small,Rural,1,Google search confirmed Director of Technology role but no public 1:1 device program details
Crawford County Community School Corporation,Marengo,2020 (by),May,Yes (HS),HS confirmed,Chromebook,"upper bound; CCHS FB post 2020-05-04 references Class of 2020 Chromebook return; rollout earlier than 2019-20",https://www.facebook.com/profile/100057492136101/search/?q=chromebook,,1235,Medium,Rural,,
Crawfordsville Community Schools,Crawfordsville,2022 (by),May,Yes,High school (CHS),Chromebook,"FB chromebook search oldest 2024-03-15; chromebooks plural search shows 2022-05-02 'Hoover Little Buddies' post (mentions chromebooks); 1:1 Chromebook at CHS per district resources",https://www.cville.k12.in.us/about-us/technology/chromebook-resources,https://www.facebook.com/profile/100063626438148/search/?q=chromebooks,2730,Medium,Rural,,
Crothersville Community Schools,Crothersville,,,,,,FB elementary page has no chromebook/device posts; HS only has athletic FB page; no public 1:1 rollout evidence found,,,451,Small,Rural,1,Google search and crothersville.k12.in.us returned no 1:1 evidence
Crown Point Community School Corporation,Crown Point,2020 (by),,Yes,K-12,Chromebook,First Chromebook image on website May 2020 (Wayback); likely COVID-era launch,https://www.cps.k12.in.us/district-departments/technology,,9147,Large,Suburban,,
Culver Community School Corporation,Culver,,,,,,,,,777,Small,Rural,1,Google search returned no 1:1 evidence; culver.k12.in.us has no public device program info
Daleville Community Schools,Daleville,2023 (by),,Yes (likely),,Chromebook,upper bound; district eliminated Chromebook fees per HB-1001 for 2023-24 (Herald Bulletin); standardized on Chromebooks per district tech page; rollout likely earlier,https://www.daleville.k12.in.us/page/google-chromebooks,https://www.heraldbulletin.com/news/local_news/new-law-means-daleville-school-parents-wont-pay-for-textbooks/article_2d58ba8c-2aff-11ee-ace2-97e6bef230cf.html,988,Small,Suburban,1,https://www.daleville.k12.in.us/page/google-chromebooks; https://www.heraldbulletin.com/news/local_news/new-law-means-daleville-school-parents-wont-pay-for-textbooks/article_2d58ba8c-2aff-11ee-ace2-97e6bef230cf.html
Danville Community School Corporation,Danville,,,,,,FB chromebook search returned 1 unrelated post (art class); device search shows posts back to 2013 but content unrelated to device rollouts; no clear public 1:1 evidence found,https://www.facebook.com/DCSCWarriors/,,2795,Medium,Rural,,
Decatur County Community Schools,Greensburg,,,Yes,K-12,Mixed (Chromebooks for JH/HS; iPads for elementary),South Decatur grades 4-6 also have Chromebooks,https://www.decaturco.k12.in.us/Technology,,1764,Medium,Rural,1,Google search confirms touchscreen Chromebooks JH/HS take-home + iPads elementary; year not in public sources
DeKalb County Central United School District,Waterloo,2020 (by),August,Yes,K-12 (HS confirmed),Chromebook,FB device-search CSS-decoded oldest 2020-08-20; 2022-07-26 references Chromebook repair log; chromebook search shows only 2025 posts but device search finds earlier,https://www.facebook.com/profile/100064157075168/search/?q=device,https://www.facebook.com/profile/100064157075168/search/?q=chromebook,3537,Medium,Rural,,
DeKalb County Eastern Community School District,Butler,,,,,,,,,1241,Medium,Rural,,
Delaware Community School Corporation,Muncie,,,Yes (likely),,,Superintendent referenced 1:1 Technology in district communications per Google search; no specific year/device confirmed,https://www.delcomschools.org/,,2581,Medium,Rural,1,Google search snippet mentions superintendent discussing 1:1 Technology but no rollout year/device specified
Delphi Community School Corporation,Delphi,,,,,,,,,1311,Medium,Rural,1,Google search returned no public 1:1 evidence for delphi.k12.in.us
Dugger Union School Corporation,Dugger,2020,August,Yes,K-12,Mixed (iPad K-2; iPad+keyboard 3-9; MacBook 10-12),2020-21 SY rollout; CARES Act-funded,https://duggerunionschools.org/virtual-learning/1-to-1/,,7821,Large,Rural,1,https://duggerunionschools.org/virtual-learning/1-to-1/
Duneland School Corporation,Chesterton,2016,September,Yes,District-wide (~5000 students),Chromebook (HP Chromebook 11),Based on case purchase date,https://www.gumdropcases.com/blogs/duneland-school-corporation-picks-hp-chromebook-11-cases-from-gumdrop-cases/,,5732,Large,Suburban,,
East Allen County Schools,New Haven,2016,July,Yes,Not specified,Mixed (Chromebook and iPad),"upper bound; FB ipad search CSS-decoded oldest 2016-07-29; district has Parent & Student iPad Information page; provides both Chromebooks and iPads",https://www.eacs.k12.in.us/departments/technology,https://www.facebook.com/profile/100063595059442/search/?q=ipad,10136,Large,Suburban,,
East Gibson School Corporation,Oakland City,,,,,,,,,682,Small,Rural,1,Google search returned no public 1:1 device program details for egsc.k12.in.us
East Noble School Corporation,Kendallville,,,Yes,K-12,,"district makes 1:1 tech accessible for every student per district eLearning info; K-4 use Seesaw, 5-12 use Canvas; device type and year not confirmed",https://www.eastnoble.net/page/technology-support,http://www.eastnoble.net/families/e_learning_information,3345,Medium,Rural,1,Google search returned only general district info; no rollout year identified
East Porter County School Corporation,Valparaiso,,,Yes,Not specified,Chromebook,1:1 program active; start year unknown,https://www.eastporter.k12.in.us/page/technology,,2275,Medium,Rural,1,Google search returned no specific year info beyond existing district tech page
East Washington School Corporation,Pekin,,,,,,,,,1316,Medium,Rural,1,Google search returned no public 1:1 device program details for ewsc.k12.in.us
Eastbrook Community School Corporation,Marion,,,,,,,,,1579,Medium,Rural,1,Google search returned no public 1:1 device program details for eastbrook.k12.in.us
Eastern Greene Schools,Bloomfield,,,,,,classrooms have SmartBoards/desktop computers/tablets/iPods; no 1:1 take-home program details found via Google,https://www.egreene.k12.in.us/,,1111,Medium,Rural,1,Google search snippet describes classroom tech but no 1:1 1-to-1 device program identified
Eastern Hancock County Community School Corporation,Charlottesville,,,,,,district emphasizes design/code/tech use; state-of-art Makerspace; no specific 1:1 program details found via Google,https://www.easternhancock.org/,,1219,Medium,Rural,1,Google search returned no public 1:1 device rollout details
Eastern Howard School Corporation,Greentown,,,Yes,Not specified,iPad (not Chromebook),district homepage links to active 1:1 iPad Initiative; year not in public sources,https://www.eastern.k12.in.us/,,1603,Medium,Rural,1,https://www.eastern.k12.in.us/ confirms 1:1 iPad Initiative
Eastern Pulaski Community School Corporation,Winamac,,,Yes (likely),Not specified,Chromebook,May 2024 board approved $470K Chromebook fleet replacement (4-yr cycle) for all students+staff per WKVI; rollout pre-2024,https://wkvi.com/2024/05/eastern-pulaski-school-board-approves-chromebook-agreement/,,1057,Medium,Rural,1,https://wkvi.com/2024/05/eastern-pulaski-school-board-approves-chromebook-agreement/
Edinburgh Community School Corporation,Edinburgh,,,,,,,,,793,Small,Suburban,1,Google search returned no public 1:1 device program details for ecsc.k12.in.us
Elkhart Community Schools,Elkhart,2020,March,Yes,Middle and high school,Mixed (Chromebook and iPad),"upper bound; FB user posts 2020-03-19 reference 'got y'all chromebook and ipad' COVID-era distribution; Pilot with 85 Chromebook carts predates this; full 1:1 by COVID",https://sites.google.com/elkhart.k12.in.us/info/instructional-technology/curriculum-building,https://www.facebook.com/profile/100064746904577/search/?q=chromebook,10714,Large,Urban,,
Elwood Community School Corporation,Elwood,,,Yes,Grades 1-8,,"per Google search: grades 1-2 in-house cart 1:1; grades 3-8 take-home 1:1; also iPads / Windows / Android tablets used; year not in public sources",https://www.elwood.k12.in.us/departments/technology/,,1462,Medium,Rural,1,https://www.elwood.k12.in.us/departments/technology/
Eminence Community School Corporation,Eminence,2017,,Yes,Grades 6-12,Chromebook (Lenovo ThinkPad 11e),"per district Device Guidelines: beginning fall 2017, 6-12 students issued school-owned Lenovo ThinkPad 11e Chromebook with charger and case; $20 annual damage waiver",https://www.eminence.k12.in.us/device-guidelines-procedures/,,259,Small,Rural,1,https://www.eminence.k12.in.us/device-guidelines-procedures/
Evansville Vanderburgh School Corporation,Evansville,2013,,Yes,K-12,Mixed (Chromebooks grades 3-12; iPads K-2),1:1 for about a dozen years as of ~2025,https://www.evscschools.com/academics/academics/technology,,21589,Very Large,Urban,,
Fairfield Community Schools,Goshen,2021 (by),December,Yes (likely),Not specified,,FB device search 2021-12-04 'synchronous elearning day' post implies students have devices for remote learning; 2019 hit is unrelated superintendent search,https://www.facebook.com/profile/100052759366551/search/?q=device,,2209,Medium,Suburban,,
Fayette County School Corporation,Connersville,2019,,Yes,K-12,Chromebook,1:1 take-home for grades 8-12; classroom-based for K-7; 2019-2020 school year,https://www.fayette.k12.in.us/page/responsible-use-of-technology,,3103,Medium,Rural,,
Flat Rock-Hawcreek School Corporation,Hope,,,,,,,,,982,Small,Rural,,
Fort Wayne Community Schools,Fort Wayne,2020,,Yes,K-12,Mixed (laptops and iPads),Elementary 1:1 by ~2017; district-wide 1:1 achieved fall 2020; ~29500 students,https://www.wane.com/news/local-news/fwcs-buying-laptops-ipads/,,28549,Very Large,Urban,,
Franklin Community School Corporation,Franklin,2014,July,Yes,K-12 (HS first),Chromebook,"upper bound; oldest FB chromebook post 2014-07-16 (FCHS Chromebook students presenting Google Classroom at PD); 2019 post references FCHS in '5th year' of student help desk corroborating ~2014-15 start; virtual families provided Chromebook+charger+case",https://franklinschools.org/,https://www.facebook.com/profile/100063753352449/search/?q=chromebook,4966,Medium,Suburban,,
Franklin County Community School Corporation,Brookville,,,,,,,,,1944,Medium,Rural,,
Franklin Township Community School Corporation,Indianapolis,2020 (by),April,Yes,K-12,Chromebook (Dell Chromebook 3100),"upper bound; oldest FB chromebook post 2020-04-15 references Bunker Hill kindergarten Chromebook & screening; K-3 in-school use, grades 4-12 take-home rental devices",https://ftcsc.org/1to1/,https://www.facebook.com/profile/100063580061837/search/?q=chromebook,4966,Medium,Suburban,,
Frankton-Lapel Community Schools,Lapel,2016 (by),May,Yes,K-12 (likely),Chromebook,"upper bound; oldest FB chromebook post 2016-05-05 'FLCS Chromebook/Personal Belongings Exchange Information'; ECF & BYOC Chromebook program in 2022-23",https://www.facebook.com/profile/100040104081611/search/?q=chromebook,,3032,Medium,Rural,,
Fremont Community Schools,Fremont,,,,,,,,,979,Small,Rural,1,Google search returned no public 1:1 device program details for fremont.k12.in.us
Frontier School Corporation,Brookston,,,Yes,K-12 (carts K-5; take-home 6-12),Mixed (iPad K-2; Chromebook 3-12),"per district tech info: K-2 iPads; 3-5 Chromebook in carts; 6-12 Chromebook take-home; year not in public sources",https://frontierschoolsin.org/,,666,Small,Rural,1,https://frontierschoolsin.org/
Garrett-Keyser-Butler Community School District,Garrett,,,Yes,K-12 (iPad K-8; MacBook 9-12),Mixed (iPad K-8; MacBook 9-12; not Chromebook),per Google search snippet: K-8 iPads; 9-12 MacBooks for customized learning; year not in public sources,,,1644,Medium,Rural,1,Google search snippet identifies iPad K-8 + MacBook 9-12 Apple-only district
Gary Community School Corporation,Gary,2020,June,Yes,K-12,Chromebook,4700 Chromebooks purchased for $2.4M; included mobile hotspots; COVID-accelerated,https://www.nwitimes.com/news/gary-community-school-corp-to-accelerate-1-to-1-technology-rollout-amid-coronavirus-pandemic/article_a7a52a6f-c3b7-5ecb-902f-c376d60fd279.html,,4383,Medium,Suburban,,
Goshen Community Schools,Goshen,2018 (by),April,Partial,Grades 7-12,Chromebook,"upper bound; FB device-search CSS-decoded oldest 2018-04-19 across 17 dates; lower grades may use iPads",https://www.goshenschools.org/technology,https://www.facebook.com/profile/100063819271271/search/?q=device,6242,Large,Urban,,
Greater Clark County Schools,Jeffersonville,2015 (by),,Yes,Grades 3-12,Chromebook,1:1 active by June 2015 (collection notice for 2015-16 school year); exact launch year unknown,https://www.gccschools.com/home/students/chromebook-help/,,10645,Large,Suburban,,
Greater Jasper Consolidated Schools,Jasper,,,,,,FB has no chromebook posts; ipad and laptop posts exist but are unrelated to device rollouts; no 1:1 device evidence found,https://www.facebook.com/profile/100041394077869/search/?q=chromebook,,3383,Medium,Rural,1,Google search returned no public 1:1 device program details for gjcs.k12.in.us
Greencastle Community School Corporation,Greencastle,,,,,,district tech page references modern campuses with updated technology but no specific 1:1 device program details found,https://www.greencastle.k12.in.us/technology,,1818,Medium,Rural,1,Google search returned no public 1:1 device program details
Greenfield-Central Community Schools,Greenfield,2019 (by),December,Yes,Not specified,,"upper bound; FB device-search has 2019-06-03 post but that one is unrelated to school-issued devices (per Mike); 2019-12-16 post mentions devices provided by schools — that is the rollout-related upper bound",https://www.gcsc.k12.in.us/,https://www.facebook.com/profile/100057242931229/search/?q=device,4370,Medium,Suburban,1,Indiana Capital Chronicle 2023 references GCSC Chromebook costs (https://indianacapitalchronicle.com/2023/08/25/no-more-school-textbook-bills-for-indiana-parents-but-what-other-fees-can-still-be-charged/) — confirms Chromebook district
Greensburg Community Schools,Greensburg,,,Yes,K-12,Laptop,district tech page states all K-12 students have laptops for equitable access; Chromebooks used for virtual program; year not in public sources,https://www.greensburg.k12.in.us/about-us/technology,https://gchs.greensburg.k12.in.us/for_parents/technology_resources,2025,Medium,Rural,1,https://www.greensburg.k12.in.us/about-us/technology
Greenwood Community School Corporation,Greenwood,,,,,,Greenwood FB is an unmanaged community page without searchable post history; no public 1:1 evidence found,,,4023,Medium,Urban,,
Griffith Public Schools,Griffith,,,Yes,K-12,iPad (not Chromebook),district has 1:1 iPad program per district tech page; year not in public sources,https://www.griffithps.org/departments/technology/technology-department,,2015,Medium,Suburban,1,https://www.griffithps.org/departments/technology/technology-department
Hamilton Community Schools,Hamilton,,,,,,,,,375,Small,Rural,1,Google search returned no public 1:1 device program details
Hamilton Heights School Corporation,Arcadia,2016 (by),August,Yes,K-12,Mixed (iPad + MacBook),FB ipad CSS-decoded oldest 2016-08-01; 2019-02-13 'HHPS Students eProject Creates Interactive Message'; 2020-03-18 references HHHS Student MacBook help desk - district uses both,https://www.facebook.com/profile/100057178252923/search/?q=ipad,,2341,Medium,Rural,1,Google search returned no public 1:1 device program details for hamilton-heights.k12.in.us
Hamilton Southeastern Schools,Fishers,2015,August,Yes,K-12,iPad (not Chromebook),"upper bound; FB post 2015-08-04 'Need help setting up your iPad? Stop by the RJH Media Center tonight from 6-9' indicates iPad rollout Aug 2015; incoming K/5/9 receive iPad 10th gen",https://www.facebook.com/profile/100064700947365/search/?q=ipad,,21062,Very Large,Suburban,,
Hanover Community School Corporation,Cedar Lake,2017,,Yes,K-12,Chromebook,"Phased: HS 2017, MS 2018, elementary 2019",https://www.hanover.k12.in.us/departments-home/technology-department,,2831,Medium,Suburban,,
Huntington County Community School Corporation,Huntington,2012,,Yes,K-12 (MacBook MS/HS; iPad elementary),Mixed (MacBook secondary; iPad elementary; not Chromebook),"Google search snippet: 21st Century School Corporation since fall 2012 with 1:1 MacBook/iPad — pre-dates earlier FB iPad upper bound of 2018-08-01; Apple district",https://www.facebook.com/huntingtoncountycommunityschools/,https://www.facebook.com/profile/100064595116309/search/?q=ipad,4874,Medium,Rural,1,Google search summary identified fall 2012 21st Century 1:1 MacBook/iPad rollout
Indianapolis Public Schools,Indianapolis,2020,August,Yes,PreK-12,Mixed (iPads PreK-2; Chromebooks 3-12),"~$12M spent; ~20000 Chromebooks, ~12000 iPads, ~7000 hotspots; COVID-driven",https://www.wfyi.org/news/articles/ips-plans-12m-tech-buy-for-student-e-learning,,21055,Very Large,Urban,,
Jac-Cen-Del Community School Corporation,Osgood,,,,,,,,,781,Small,Rural,,
Jay School Corporation,Portland,2020 (by),April,Yes (likely),Not specified,Chromebook,"upper bound; oldest FB chromebook post 2020-04-17 references Google Suite/Chromebook tech issues during COVID elearning",https://www.facebook.com/profile/100057251126628/search/?q=chromebook,,2950,Medium,Rural,,
Jennings County Schools,North Vernon,2020 (by),June,Yes,K-12,Mixed (iPad K-2; Dell Chromebook 3100 grades 3-12),"upper bound; oldest JCHS FB chromebook post 2020-06-02 (COVID-era Class of 2020 commencement); per district tech info: iPads K-2; Dell Chromebook 3100 grades 3-12",https://www.jcsc.org/Technology,https://www.facebook.com/profile/100063676118289/search/?q=chromebook,3800,Medium,Rural,,
John Glenn School Corporation,Walkerton,2025 (by),April,Yes (likely),Grades 3-9 (confirmed),Chromebook,upper bound; April 2025 board approved purchase of elementary Chromebooks (3-6) + 475 secondary Chromebooks (7-9) from Secured Tech Solutions; rollout likely earlier,https://jgsc.k12.in.us/about/documents/john-glenn-sc-board-documents/school-board-minutes/2025/1556-april-8-2025-minutes/file,,1993,Medium,Rural,1,https://jgsc.k12.in.us/about/documents/john-glenn-sc-board-documents/school-board-minutes/2025/1556-april-8-2025-minutes/file
Kankakee Valley School Corporation,Wheatfield,2016,July,Yes,Grades 6-12,Chromebook,"upper bound; oldest FB chromebook post 2016-07-27 'Today is the last scheduled day for Chromebook distribution for grades 6-12... at KV High School'; clear back-to-school rollout",https://www.facebook.com/profile/100041637954889/search/?q=chromebook,,3093,Medium,Rural,,
Knox Community School Corporation,Knox,,,Yes,Grades 3-12,,district provides 1:1 technology grades 3-12 per district info; device type and year not confirmed,https://www.knox.k12.in.us/about_k_c_s_c/departments/technology,,1673,Medium,Rural,1,Google search returned no additional 1:1 details beyond existing district tech page
Kokomo-Center Township Consolidated School Corporation,Kokomo,2020 (by),April,Yes (likely),Not specified,,"upper bound; FB chromebook search no results; device search CSS-decoded oldest 2020-04-23 (COVID-era); year of original rollout unconfirmed",https://www.kokomoschools.com/,https://www.facebook.com/profile/100057189380621/search/?q=device,5197,Large,Urban,,
Lafayette School Corporation,Lafayette,2020 (by),June,Yes (secondary),Secondary student devices,Chromebook,"upper bound; FB device-search CSS-decoded oldest 2020-06-17; district tech page references Secondary Student Device Configuration Videos and Chromebook setup guides",https://www.lsc.k12.in.us/departments/technology,https://www.facebook.com/profile/100057038427148/search/?q=device,7090,Large,Urban,,
Lake Central School Corporation,St. John,2023 (by),February,Yes,K-12 (HS confirmed),Chromebook,"upper bound; LCHS FB post 2023-02-28 references junior 'school-issued Chromebook'; LCHS handbook confirms all students use school-issued Chromebooks; district FB pages are recent (post-2023), so older rollout dates not extractable from FB",https://lcsc.us/departments/technology/,https://www.facebook.com/profile/100090339965004/search/?q=chromebook,8985,Large,Suburban,,
Lake Ridge New Tech Schools,Gary,2021,,Yes,K-12,Chromebook (Lenovo 2-in-1),Transitioned from Apple district to Chromebook district,https://www.lakeridge.k12.in.us/departments/technology,,1550,Medium,Suburban,,
Lake Station Community Schools,Lake Station,,,,,,,,,1030,Medium,Suburban,,
Lakeland School Corporation,LaGrange,,,,,,,,,1509,Medium,Rural,,
Lanesville Community School Corporation,Lanesville,,,,,,,,,733,Small,Rural,,
LaPorte Community School Corporation,LaPorte,2020 (by),March,Yes,K-12,Chromebook,"upper bound; oldest FB chromebook post 2020-03-17 (COVID-era distribution); 'One to World Learning' initiative with Chromebook at grades 1/5/9 lasting 3 years; described as longstanding so actual rollout likely earlier",https://www.lpcsc.k12.in.us/en-US/frequently-asked-questions-3926d263,https://www.facebook.com/profile/100063672428101/search/?q=chromebook,6089,Large,Urban,,
Lawrenceburg Community School Corporation,Lawrenceburg,,,,,,,,,2122,Medium,Rural,,
Lebanon Community School Corporation,Lebanon,2018 (by),March,Yes,K-12,iPad (was MacBook Air for 6-12; not Chromebook),"upper bound; FB ipad-search CSS-decoded oldest 2018-03-20; K-12 1:1 iPads currently per district info; previously grades 6-12 had MacBook Air laptops; not a Chromebook district",https://www.leb.k12.in.us/academics/11-technology/about,https://www.facebook.com/profile/100063704075464/search/?q=ipad,3701,Medium,Rural,1,Google search confirms LCSC has 1:1 program; no public year identified beyond existing FB upper bound
Lewis Cass Schools,Walton,,,,,,,,,1283,Medium,Rural,,
Liberty-Perry Community School Corporation,Selma,,,,,,,,,1161,Medium,Rural,,
Linton-Stockton School Corporation,Linton,,,,,,,,,1393,Medium,Rural,,
Logansport Community School Corporation,Logansport,2020 (by),February,Yes (likely),HS confirmed,Chromebook,"upper bound; FB chromebook search no results; device search CSS-decoded oldest 2020-02-03 (pre-COVID); LHS handbook references Parent Chromebook Memo",https://www.lcsc.k12.in.us/,https://www.facebook.com/profile/100052160752652/search/?q=device,4488,Medium,Rural,1,Google search returned no additional 1:1 details beyond existing FB upper bound
Loogootee Community School Corporation,Loogootee,,,,,,,,,762,Small,Rural,1,Google search returned no public 1:1 device program details for loogootee.k12.in.us
Maconaquah School Corporation,Bunker Hill,2012,,Yes,K-12,,Google search summary states Maconaquah began 1:1 initiative in 2012; original device type not specified,https://www.maconaquah.k12.in.us/,,1883,Medium,Rural,1,Google search snippet identified 2012 1:1 initiative start year
Madison Consolidated Schools,Madison,2014,,Yes,K-12,,per district 1:M page: 1:1 device program began 2014-2015 school year after researching multiple devices,https://www.madison-schools.com/1m,,2651,Medium,Rural,,
Madison-Grant United School Corporation,Fairmount,,,,,,,,,2024,Medium,Rural,1,Google search returned only general district info (grades 7-12); no public 1:1 device program details
Manchester Community Schools,North Manchester,,,,,,,,,1377,Medium,Rural,1,Google search returned no public 1:1 device program details for mcs.k12.in.us
Marion Community Schools,Marion,2020 (by),June,Yes,K-12,iPad,"upper bound; FB ipad-search CSS-decoded oldest 2020-06-11 (COVID-era); MCS Tech FAQ confirms 2025-26 K-12 iPad assignment (K-6 stay at school; 7-12 take-home daily); earlier device history unclear",https://www.facebook.com/profile/100063632350105/search/?q=ipad,https://www.marion.k12.in.us/apps/pages/index.jsp?uREC_ID=3879322&type=d&pREC_ID=2478137,3668,Medium,Rural,1,https://www.marion.k12.in.us/apps/pages/index.jsp?uREC_ID=3879322&type=d&pREC_ID=2478137
Medora Community School Corporation,Medora,,,,,,,,,185,Small,Rural,,
Merrillville Community School Corporation,Merrillville,2020 (by),August,Yes,Not specified,Chromebook,"upper bound; FB chromebook-search CSS-decoded oldest 2020-08-08 (COVID-era distribution series); district has Chromebook Basics page with insurance + sanitization resources",https://www.mvsc.k12.in.us/chromebook-basics,https://www.facebook.com/profile/100063497506143/search/?q=chromebook,5904,Large,Suburban,,
Michigan City Area Schools,Michigan City,2020 (by),August,Yes,K-12,Mixed (Chromebooks and tablets),"upper bound; oldest FB chromebook post 2020-08-03 about Chromebook distribution/collection/insurance; optional insurance $30 for grades 7-12",https://www.educatemc.net/departments/technology/chromebooks,https://www.facebook.com/profile/100063764521119/search/?q=chromebook,5030,Large,Urban,,
Middlebury Community Schools,Middlebury,2020 (by),May,Yes (HS),Northridge HS confirmed,Chromebook,"upper bound; oldest FB chromebook post 2020-05-19 references Northridge HS upcoming dates; rollout likely earlier",https://www.facebook.com/profile/100063462614027/search/?q=chromebook,,4028,Medium,Rural,,
Milan Community Schools,Milan,,,,,,,,,1095,Medium,Rural,,
Mill Creek Community School Corporation,Amo,,,,,,,,,1610,Medium,Rural,,
Mississinewa Community School Corporation,Gas City,2020 (by),April,Yes (likely),Not specified,iPad,FB ipad CSS-decoded oldest 2020-04-27 (COVID-era); 2021-08-20 post 'Apple Learning Specialist iPad workshop - exploring our new devices' (PD for staff),https://www.facebook.com/profile/100063540428926/search/?q=ipad,,2453,Medium,Rural,,
Mitchell Community Schools,Mitchell,,,,,,,,,1476,Medium,Rural,,
Monroe County Community School Corporation,Bloomington,,,Yes,,Chromebook,"district has 1:1 Chromebook program (MCCSC); FB chromebook search returned no results, 1:1 / device searches yielded only unrelated posts; year not confirmed",https://www.mccsc.edu/,https://www.facebook.com/profile/100036004343843/search/?q=chromebook,10480,Large,Urban,,
Monroe Central School Corporation,Parker City,,,,,,,,,1150,Medium,Rural,,
Monroe-Gregg School District,Monrovia,,,,,,,,,1567,Medium,Rural,,
Mooresville Consolidated School Corporation,Mooresville,2020 (by),March,Yes,K-12,Chromebook,"upper bound; oldest FB chromebook post 2020-03-17 (COVID-era; verified all 5 results loaded — 'End of results'); MS/HS take home daily; elementary sent home for eLearning days",https://www.mooresvilleschools.org/departments/academics/e_learning,https://www.facebook.com/profile/100064022734462/search/?q=chromebook,4318,Medium,Suburban,,
Mount Vernon Community School Corporation,Fortville,2019 (by),August,Yes,K-12,Chromebook (Dell),"upper bound; oldest FB chromebook post 2019-08-09 references MV Tech Team preparing 4400+ Chromebooks for back-to-school; rollout likely earlier",https://mvcsc.k12.in.us/15877_4,https://www.facebook.com/profile/100063548501770/search/?q=chromebook,4940,Medium,Rural,,
MSD of Bluffton-Harrison,Bluffton,,,,,,,,,1813,Medium,Rural,,
MSD of Boone Township,Hebron,,,,,,,,,996,Small,Rural,,
MSD of Decatur Township,Indianapolis,2018 (by),December,Yes,K-12 (implied),Chromebook,"upper bound; FB chromecare-search CSS-decoded oldest 2018-12-30; MSD 'ChromeCare' program brand; rollout likely earlier",https://chromecare.msdk12.net/home,https://www.facebook.com/profile/100063946117466/search/?q=chromecare,6485,Large,Urban,,
MSD of Lawrence Township,Indianapolis,2014,,Yes,High school (confirmed),Chromebook,Every HS student received a Chromebook; broader scope unclear,https://indianapolisrecorder.com/a1696cac-39c6-11e4-afae-7fa3917e6569/,,16747,Very Large,Suburban,,
MSD of Martinsville,Martinsville,2016,,Yes,All students,Mixed (iPads or Chromebooks by grade),"HS 1:1 in 2016-2017; district-wide 2017-2018; student tech team ""Artie Intel""",https://en.wikipedia.org/wiki/Martinsville_High_School_(Indiana),,3998,Medium,Rural,,
MSD of Mount Vernon and South Posey County Schools,Mount Vernon,,,,,,,,,1999,Medium,Rural,,
MSD of New Durham Township,Westville,,,,,,,,,908,Small,Rural,,
MSD of North Posey County Schools,Poseyville,,,,,,,,,1455,Medium,Rural,,
MSD of Perry Township,Indianapolis,2014,March,Yes,K-12,Chromebook,~$200 per device; K-5 at building discretion; uses Securly monitoring,http://www.perryschools.org/technology/2014/03/14/chromebooks-in-perry-township/,,16243,Very Large,Urban,,
MSD of Pike Township,Indianapolis,2020,,Yes,K-12 (~11250 students),Chromebook,Needed ~950 additional devices to fill equity gap during COVID,https://www.edweek.org/technology/coronavirus-squeezes-supply-of-chromebooks-ipads-and-other-digital-learning-devices/2020/04,,10674,Large,Urban,,
MSD of Shakamak Schools,Jasonville,,,,,,,,,679,Small,Rural,,
MSD of Steuben County,Angola,2015,,Yes,K-12 (~2600 students),Chromebook,1:1 for approximately nine years as of 2024; third-party repair service,https://edtechmagazine.com/k12/article/2024/10/why-more-schools-are-breaking-away-house-device-management,,2492,Medium,Rural,,
MSD of Wabash County Schools,Wabash,2017 (by),April,Yes,Includes elementary,iPad (also MacBook Air),FB ipad CSS-decoded shows 2017-04-15 'Butterfly larva arrive! Observe & IPad photo & journal metamorphosis #SESGrade2a@Ses_Knights' - classroom iPad use; June 2016 posts are device sale,https://www.facebook.com/profile/100063788839786/search/?q=ipad,,2256,Medium,Rural,,
MSD of Warren County,Williamsport,,,,,,,,,1332,Medium,Rural,,
MSD of Warren Township,Indianapolis,2013 (by),,Yes,K-12,Mixed (iPads for K; Chromebooks 1-12),iConnect@Warren initiative live by Oct 2013 (Wayback); 2020 Chromebook RFP documented,https://www.warren.k12.in.us/iconnect-technology,,11915,Large,Urban,,
MSD of Washington Township,Indianapolis,2020 (by),,Yes,K-12 (some grades),Chromebook,First Chromebook page July/August 2020 (Wayback); COVID-era; recent take-home policy expansion,https://www.wrtv.com/news/local-news/parents-push-back-over-new-chromebook-policy-for-washington-township-middle-schools,,11391,Large,Urban,,
MSD of Wayne Township,Indianapolis,2013,,Yes,K-12 (~16000 students),Chromebook,One of Indiana's earliest district-wide 1:1 Chromebook programs,https://www.prnewswire.com/news-releases/msd-wayne-township-improves-access-to-digital-learning-for-16-000-students-with-classlink-301282661.html,,16146,Very Large,Urban,,
Muncie Community Schools,Muncie,2020 (by),August,Yes,K-12 (likely),Chromebook,"upper bound; oldest FB chromebook post 2020-08-04 reminds students to turn in Chromebook+charger; 2021-08-04 references Virtual Learning Chromebook pickup; has Chromebook agreement and insurance",https://www.muncie.k12.in.us/departments/technology,https://www.facebook.com/profile/100063917265216/search/?q=chromebook,5126,Large,Urban,,
Nettle Creek School Corporation,Hagerstown,,,,,,,,,1172,Medium,Rural,,
New Albany-Floyd County Consolidated Schools,New Albany,2020 (by),July,Yes,K-12,Chromebook,FB chromebook CSS-decoded oldest 2020-07-28 'kindergarten open house... chromebook distribution updates' - district-wide chromebook program by July 2020; 2021 virtual academy was later expansion,https://www.lpm.org/news/2021-05-13/new-albany-floyd-county-schools-to-launch-virtual-academy,https://www.facebook.com/profile/100064318644313/search/?q=chromebook,11362,Large,Suburban,,
New Castle Community School Corporation,New Castle,2019 (by),December,Yes,K-12,,FB device post 2019-12-16 'eLearning Day - MS/HS do eLearning; Elementary take devices or packets home' - confirms K-12 device program by Dec 2019,https://www.facebook.com/profile/100057643771239/search/?q=device,,2881,Medium,Rural,,
New Prairie United School Corporation,New Carlisle,,,,,,FB chromebook search returned no results; no public 1:1 device evidence found,https://www.facebook.com/p/New-Prairie-United-School-Corporation-100064489760072/,,2815,Medium,Rural,,
Nineveh-Hensley-Jackson United School Corporation,Trafalgar,,,,,,,,,2127,Medium,Rural,,
Noblesville Schools,Noblesville,2014,July,Yes,grades 5+ initially; K-4 added later,iPad (not Chromebook),"upper bound; oldest FB iPad post 2014-07-09; FB post 2016-10-28 noted K-4 1:1 iPad recommendation underway (implying older grades already 1:1)",https://www.facebook.com/profile/100064828717167/search/?q=ipad,,10525,Large,Suburban,,
North Adams Community Schools,Decatur,,,,,,,,,1571,Medium,Rural,,
North Central Parke Community School Corporation,Rockville,,,,,,,,,1180,Medium,Rural,,
North Daviess Community Schools,Elnora,,,,,,,,,1085,Medium,Rural,,
North Gibson School Corporation,Princeton,,,,,,,,,1864,Medium,Rural,,
North Harrison Community School Corporation,Ramsey,,,,,,,,,2076,Medium,Rural,,
North Judson-San Pierre School Corporation,North Judson,,,,,,,,,914,Small,Rural,,
North Knox School Corporation,Bicknell,,,,,,,,,1158,Medium,Rural,,
North Lawrence Community Schools,Bedford,2017 (by),January,Yes,Not specified,Chromebook,"upper bound; oldest FB chromebook post 2017-01-13 (Chromebook cold-weather care reminder, implying established program); rollout likely earlier",https://www.facebook.com/profile/100064104932558/search/?q=chromebook,,3568,Medium,Rural,,
North Miami Community Schools,Denver,,,,,,,,,818,Small,Rural,,
North Montgomery Community School Corporation,Crawfordsville,,,,,,,,,1847,Medium,Rural,,
North Newton School Corporation,Morocco,,,,,,,,,1004,Medium,Rural,,
North Putnam Community Schools,Roachdale,,,,,,,,,1370,Medium,Rural,,
North Spencer County School Corporation,Lincoln City,,,,,,FB chromebook ipad and device searches all returned no results; no public 1:1 device evidence found,https://www.facebook.com/NorthSpencerSch/,,2166,Medium,Rural,,
North Vermillion Community School Corporation,Cayuga,,,,,,,,,731,Small,Rural,,
North West Hendricks Schools,Lizton,,,,,,,,,1958,Medium,Rural,,
North White School Corporation,Monon,,,,,,,,,904,Small,Rural,,
Northeast Dubois County School Corporation,Dubois,,,,,,,,,833,Small,Rural,,
Northeast School Corporation of Sullivan County,Hymera,,,,,,,,,773,Small,Rural,,
Northeastern Wayne Schools,Fountain City,,,Yes,K-12,iPad (considering switch to Chromebook),per Western Wayne News article: district currently uses iPads district-wide; surveying about possibly switching to Chromebooks; not currently a Chromebook district,https://westernwaynenews.com/northeastern-considers-chromebooks/,,1337,Medium,Rural,,
Northern Wells Community Schools,Ossian,2017 (by),July,Yes,K-12 (likely),iPad (not Chromebook),FB ipad CSS-decoded oldest 2017-07-18 'your child's iPad will come with a protective case this year' - clear 1:1 iPad program with AppleCare,https://www.facebook.com/profile/100063719627379/search/?q=ipad,,2413,Medium,Rural,,
Northwest Allen County Schools,Fort Wayne,2020 (by),April,Yes,K-12,Chromebook (Lenovo/Dell),"upper bound; FB chromebook search no results; device search CSS-decoded oldest 2020-04-20; district uses Lenovo and Dell Chromebooks per tech support pages; rollout likely earlier",https://www.nacs.k12.in.us/36005_3,https://www.facebook.com/profile/100063668705552/search/?q=device,8409,Large,Rural,,
Northwestern Consolidated School Corporation,Fairland,,,,,,,,,1847,Medium,Rural,,
Northwestern School Corporation,Kokomo,,,,,,,,,1847,Medium,Rural,,
Oak Hill United School Corporation,Converse,,,,,,,,,1533,Medium,Rural,,
Oregon-Davis School Corporation,Hamlet,2023,,Yes,Grades 5-12,Chromebook,per Google search summary: starting 2023-24 school year grades 5-12 issued district-managed Chromebook at no charge with take-home; primary source URL not captured,,,527,Small,Rural,,
Orleans Community Schools,Orleans,,,Yes,K-12,Chromebook,district has 1:1 Chromebook program K-12 per district tech site; year not confirmed,https://sites.google.com/a/orleans.k12.in.us/orleans-community-schools-technology/getting-started/chrome-os-apps-menu,,887,Small,Rural,,
Paoli Community School Corporation,Paoli,,,Yes,Includes HS,Chromebook,district has Chromebook insurance forms required at Paoli HS; year not confirmed,https://www.paoli.k12.in.us/article/2354075,,1235,Medium,Rural,,
Penn-Harris-Madison School Corporation,Mishawaka,2014,,Yes,K-12 (~11000 students),Mixed (Chromebooks 1-12; iPads K),Penn HS first in 2014; middle schools 2015; grades 6-12 take home,https://www.phmschools.org/parents/technology/elearning-2/,,11329,Large,Suburban,,
Perry Central Community School Corporation,Leopold,,,,,,,,,1275,Medium,Rural,,
Peru Community Schools,Peru,,,,,,,,,1830,Medium,Rural,,
Pike County School Corporation,Petersburg,,,,,,,,,1561,Medium,Rural,,
Pioneer Regional School Corporation,Royal Center,,,,,,,,,898,Small,Rural,,
Plainfield Community School Corporation,Plainfield,2016,July,Yes,Initial: HS seniors with Dell tablets,Mixed (Dell tablet then Chromebook),FB device-search shows post 'July 20 2016: Today was the first day of 1:1 device distribution and seniors were the first to receive and get set up on the new Dell tablets' at Plainfield HS; 2024 Chromebook expansion was district-wide grant,https://phs.plainfieldschools.org/parents/1_1_chromebook_information,https://www.facebook.com/profile/100063495465347/search/?q=device,5917,Large,Suburban,,
Plymouth Community School Corporation,Plymouth,,,Yes,PreK-12 (likely),iPad (not Chromebook),"district has 'Mobile Learning' dept with 1:1 iPad Policy (RUP) and PCSC iPad Expectations; not a Chromebook district; year not confirmed",https://www.plymouth.k12.in.us/departments/mobile-learning,,3168,Medium,Rural,,
Portage Township Schools,Portage,2018 (by),September,Yes,K-12,Mixed (Chromebooks elementary; Dell laptops HS),"upper bound; FB posts 2018-09-24 (8th Grade Parent Night) and 2018-10-22 (Jones Elementary students designing Chromebook skins via Google Drawings); mixed device types by level",https://www.portage.k12.in.us/apps/pages/index.jsp?uREC_ID=2026834&type=d&pREC_ID=2106000,https://www.facebook.com/profile/100063483433795/search/?q=chromebook,6519,Large,Suburban,,
Porter Township School Corporation,Valparaiso,,,,,,,,,1509,Medium,Rural,,
Prairie Heights Community School Corporation,LaGrange,,,,,,,,,1346,Medium,Rural,,
Randolph Central School Corporation,Winchester,,,Yes,K-12,Chromebook,district has K-12 1:1 Chromebook program per Business View Magazine profile (date not specified); Clear Touch panels in every classroom; year not confirmed,https://businessviewmagazine.com/randolph-central-school-corporation/,,1408,Medium,Rural,,
Randolph Eastern School Corporation,Union City,,,Yes,K-12,Chromebook (Lenovo),district 1:1 Lenovo Chromebooks per LanSchool case study; year not confirmed,https://lanschool.com/resource-center/case-studies/randolph-eastern-supports-a-robust-distance-learning-program-with-lanschool-air,,915,Small,Rural,,
Randolph Southern School Corporation,Lynn,,,,,,,,,478,Small,Rural,,
Rensselaer Central School Corporation,Rensselaer,,,,,,,,,1522,Medium,Rural,,
Richland-Bean Blossom Community School Corporation,Ellettsville,2022 (by),August,Yes,Not specified,Chromebook,FB chromebook CSS-decoded oldest 2022-08-08 'going back to school' post; rollout earlier,http://www.rbbcsc.k12.in.us/index.php?Itemid=1320&id=486&option=com_content&view=article,https://www.facebook.com/profile/100057420732991/search/?q=chromebook,2776,Medium,Suburban,,
Richmond Community Schools,Richmond,2012,,Yes,K-12,Chromebook,Received Indiana Classroom Innovation Grant in 2012; exact Chromebook launch unclear,https://www.werrichmond.com/apps/pages/index.jsp?uREC_ID=1668739&type=d&pREC_ID=2592191,,4436,Medium,Rural,,
Rising Sun-Ohio County Community School Corporation,Rising Sun,,,,,,,,,831,Small,Rural,,
River Forest Community School Corporation,Hobart,,,,,,,,,1707,Medium,Suburban,,
Rochester Community School Corporation,Rochester,,,,,,,,,1593,Medium,Rural,,
Rossville Consolidated School District,Rossville,,,Yes,K-12,Mixed (Chromebook primary; some Apple devices),district is 1:1 K-12 with Chromebooks per Clinton/Carroll County Daily News board coverage; recent handbook updates reference Apple device repair pricing; year not confirmed,https://www.rcsd.k12.in.us/about/employment,,933,Small,Rural,,
Rush County Schools,Rushville,,,,,,,,,1872,Medium,Rural,,
Salem Community Schools,Salem,2017,,Yes,K-12 by 2019 (phased rollout),Chromebook (ASUS),3-year phase-in: Year 1 2017 added grades 1/2/5/6/9; Year 2 2018 added grades 3/7/10/12; Year 3 2019 added K/4/8/11; planning began 5 years prior,https://www.salemschools.com/,,1592,Medium,Rural,,
School City of East Chicago,East Chicago,,,Yes (secondary 1:1; PreK-6 take-home),PreK-6 carts/take-home; secondary 1:1,Chromebook,per district tech page: PreK-6 has classroom carts and take-home devices; secondary is 1:1; uses Chromebooks; year not confirmed,https://www.scec.k12.in.us/services/technology,,3225,Medium,Suburban,,
School City of Hammond,Hammond,2018 (by),,Yes,All students,Chromebook,Chromebook usage forms in district by April 2018 (Wayback); pre-dates COVID; exact launch year unknown,https://sites.google.com/hammond.k12.in.us/techsupport/studentparents/chromebooks,,10507,Large,Suburban,,
School City of Hobart,Hobart,2020 (by),May,Yes,Grades 1-12,Chromebook,"upper bound; oldest FB chromebook post 2020-05-07 (COVID-era materials drop-off + Chromebook pickup); take-home 1:1; rollout likely earlier",https://www.hobart.k12.in.us/technology/1-1-technology,https://www.facebook.com/profile/100048586578805/search/?q=chromebook,3978,Medium,Suburban,,
School City of Mishawaka,Mishawaka,2025 (K-4 expansion),,Yes,K-12,Mixed (Chromebooks and iPads),K-4 Chromebook rollout for 2025-2026 school year; older grades had Chromebooks earlier (year unknown),https://www.mishawakaschools.com/families/technology-support,,5063,Large,Urban,,
School City of Whiting,Whiting,,,,,,no specific 1:1 device program info found via WebSearch,,,1091,Medium,Suburban,,
School Town of Highland,Highland,,,,,,no specific 1:1 device program info found via WebSearch,https://www.highland.k12.in.us/,,3165,Medium,Suburban,,
School Town of Munster,Munster,2020 (by),August,Yes,Not specified (4th gr+ via grant),Chromebook,FB device-search 2020-08-06 'Device Pickups -- If you had a scheduled appointment and missed it we have a device waiting for you'; 4th graders later funded by grant,https://www.munster.us/,https://www.facebook.com/profile/100063533020718/search/?q=device,4101,Medium,Suburban,,
School Town of Speedway,Speedway,,,,,,,,,1776,Medium,Suburban,,
Scott County School District 1,Austin,,,,,,,,,1328,Medium,Rural,,
Scott County School District 2,Scottsburg,2012,August,Yes (likely),Not specified,iPad (initial),"upper bound; oldest FB iPad posts via CSS-decoded date method: 2012-08-17, 2012-08-22, 2013-03-15; very early iPad program",https://www.facebook.com/profile/100063624517747/search/?q=ipad,,2542,Medium,Rural,,
Seymour Community Schools,Seymour,2016,August,Yes,K-12 (likely),Chromebook,"upper bound; oldest FB chromebook post 2016-08-04 (back-to-school timing); subsequent COVID-era curbside repair posts in 2020",https://www.facebook.com/profile/100063769831366/search/?q=chromebook,,5432,Large,Rural,,
Shelby Eastern Schools,Waldron,,,,,,,,,1292,Medium,Rural,,
Shelbyville Central Schools,Shelbyville,2023 (by),April,Yes (likely),Not specified,iPad (not Chromebook),"upper bound; FB chromebook search no results; Shelbyville Central Education Foundation iPad Sales post 2023-04-04 ('selling iPads again this year') and 2024 follow-up; not a Chromebook district",https://www.facebook.com/profile/100054546396575/search/?q=device,,3909,Medium,Rural,,
Shenandoah School Corporation,Middletown,,,,,,,,,1771,Medium,Rural,,
Sheridan Community Schools,Sheridan,,,,,,,,,1169,Medium,Rural,,
Silver Creek School Corporation,Sellersburg,2020,,Yes,K-12,Chromebook,COVID-era; newly formed from West Clark split; supply delays,https://www.newsandtribune.com/news/silver-creek-borden-henryville-distributing-chromebooks-after-delays/article_2b03aa4c-01c9-11eb-94ba-4b35389dfa30.html,,3214,Medium,Suburban,,
Smith-Green Community Schools,Churubusco,,,Yes,K-12,Chromebook (Dell),district offers every student a Dell Chromebook per ZoomInfo profile; year not confirmed,https://www.sgcs.k12.in.us/,,1103,Medium,Rural,,
South Adams Schools,Berne,,,,,,,,,1312,Medium,Rural,,
South Bend Community School Corporation,South Bend,2018,May (announced),Yes,K-12,Chromebook,Announced May 2018 for 2018-19 school year; grades 6-12 take-home; K-1 shared carts; 2-5 classroom carts,https://www.southbendtribune.com/story/news/education/2018/05/22/south-bend-school-students-will-each-have-chromebooks-soo/45721971/,,13580,Large,Urban,,
South Central Community School Corporation,Union Mills,2016,,Yes,K-12,Chromebook (HP 11 G9 EE),Students keep Chromebook up to 4 years or until graduation,https://www.scentral.k12.in.us/services/technology/chromebooks,,986,Small,Rural,,
South Dearborn Community School Corporation,Aurora,,,,,,,,,1849,Medium,Rural,,
South Gibson School Corporation,Fort Branch,,,Yes,K-12,Chromebook,district implemented 1:1 Chromebook K-12 for daily learning; year not confirmed,https://sgibson.k12.in.us/,,2118,Medium,Rural,,
South Harrison Community Schools,Corydon,2017,May,Yes,K-12,Chromebook,FB post May 1 2017 announces 'chromebooks will be provided beginning with the 2017-18 school year' (per Mike); confirmed rollout for 2017-18 SY,https://www.shcsc.k12.in.us/,https://www.facebook.com/profile/100064024780588/search/?q=chromebook,3123,Medium,Rural,,
South Henry School Corporation,Straughn,,,Yes,K-12 (PreK-12),Mixed (Chromebook or iPad),every student PreK-12 assigned a Chromebook or iPad at no cost; year not confirmed,https://www.shenry.k12.in.us/,,816,Small,Rural,,
South Knox School Corporation,Vincennes,,,,,,,,,1215,Medium,Rural,,
South Madison Community School Corporation,Pendleton,2017,,Yes,District-wide,Chromebook,Chromebook rental included in book fees starting 2017-2018,https://www.smadison.k12.in.us/blended_learning__1_1_/f_a_q,,4670,Medium,Suburban,,
South Montgomery Community School Corporation,New Market,,,,,,,,,1684,Medium,Rural,,
South Newton School Corporation,Kentland,,,,,,,,,846,Small,Rural,,
South Putnam Community Schools,Greencastle,,,,,,,,,1105,Medium,Rural,,
South Ripley Community School Corporation,Versailles,,,Yes,Junior High,Chromebook (Samsung),South Ripley Jr High is 1:1 with Samsung Chromebooks per district JHS page; year not confirmed,https://www.sripley.k12.in.us/srjhs-home,,1100,Medium,Rural,,
South Spencer County School Corporation,Rockport,,,,,,,,,1065,Medium,Rural,,
South Vermillion Community School Corporation,Clinton,,,,,,,,,1548,Medium,Rural,,
Southeast Dubois County School Corporation,Ferdinand,,,,,,,,,1254,Medium,Rural,,
Southeast Fountain School Corporation,Veedersburg,2016,,,Elementary classroom carts (initial),Chromebook (touchscreen),per district elementary About page: 2016-2017 every classroom at Southeast Fountain Elementary was given a set of touchscreen Chromebooks; full 1:1 status across district not confirmed,https://sefe.sefschools.org/apps/pages/index.jsp?uREC_ID=2607655&type=d&pREC_ID=2265221,,1045,Medium,Rural,,
Southern Hancock County Community School Corporation,New Palestine,2020,,Yes (5-12),Grades 5-12,Apple MacBook (not Chromebook),per Daily Reporter article March 2020: district provides Apple MacBook laptops to grades 5-12; not a Chromebook district,https://www.greenfieldreporter.com/2020/03/25/stayathome_studies_early_elearning_report_card_students_teachers_adapting_to_new_normal/,,3959,Medium,Rural,,
Southern Wells Community Schools,Poneto,,,,,,,,,880,Small,Rural,,
Southwest Allen County Schools,Fort Wayne,,,Yes,K-8 iPads / 9-12 laptops,Mixed (iPad K-8; Windows 10 laptop 9-12; not Chromebook),"district uses iPads K-8 and Windows laptops 9-12; not a Chromebook district; FB ipad and laptop searches both returned no results; year not confirmed",https://www.sacs.k12.in.us/10505_3,https://www.facebook.com/profile/100057183201148/search/?q=ipad,7502,Large,Suburban,,
Southwest Dubois County School Corporation,Huntingburg,,,Yes,Not specified,Chromebook,1:1 student devices; start year unknown,https://www.swdubois.k12.in.us/students,,2041,Medium,Rural,,
Southwest Parke Community School Corporation,Montezuma,,,,,,,,,1002,Medium,Rural,,
Southwest School Corporation of Sullivan County,Sullivan,,,,,,,,,1776,Medium,Rural,,
Southwestern Consolidated School District of Shelby County,Shelbyville,,,Yes,Pre-K through 12,Mixed (iPads and Chromebooks),district promo describes 1:1 iPads and Chromebooks Pre-K-12; year not confirmed,https://www.swshelby.k12.in.us/,,669,Small,Rural,,
Southwestern Jefferson County Consolidated Schools,Hanover,,,,,,,,,1263,Medium,Rural,,
Spencer-Owen Community Schools,Spencer,,,,,,no clear district FB page found via web search; needs further investigation,https://www.socs.k12.in.us/,,2156,Medium,Rural,,
Springs Valley Community School Corporation,French Lick,,,,,,,,,877,Small,Rural,,
Sunman-Dearborn Community School Corporation,St. Leon,2020 (by),November,Yes,K-12,Chromebook,FB chromebook CSS-decoded oldest 2020-11-19 'Remote Learning Chromebook Support' (existing 1:1 program); 2024-2025 Chromebook Handbook is later doc,https://www.sunmandearborn.k12.in.us/images/2024-2025_Sunman-Dearborn_Chromebook_Handbook.pdf,https://www.facebook.com/profile/100063438897317/search/?q=chromebook,3682,Medium,Rural,,
Switzerland County School Corporation,Vevay,,,,,,,,,1422,Medium,Rural,,
Taylor Community School Corporation,Kokomo,,,,,,,,,1205,Medium,Rural,,
Tell City-Troy Township School Corporation,Tell City,,,,,,,,,1351,Medium,Rural,,
Tippecanoe School Corporation,Lafayette,2015,,Yes,K-12,Mixed (iPads K-1; Chromebooks 2-12),HS phased starting 2015-2016 with freshmen over 3 years; grades 6-12 take home,https://www.tsc.k12.in.us/departments/technology/studenttech,,13663,Large,Rural,,
Tippecanoe Valley School Corporation,Akron,2017,May,Yes,High School,,upper bound; InkFreeNews May 9 2017 reports board approved changes to existing 1:1 Device Protection Plan ($35/year); program already in place by then,https://www.inkfreenews.com/2017/05/09/tippecanoe-valley-school-board-approves-changes-to-11-device-protection-plan/,,1738,Medium,Rural,,
Tipton Community School Corporation,Tipton,,,,,,,,,1366,Medium,Rural,,
Tri-Central Community Schools Corporation,Sharpsville,,,,,,,,,786,Small,Rural,,
Tri-County School Corporation,Wolcott,,,Yes,K-12,Mixed (iPad or Chromebook),district describes 1:1 with iPads or Chromebooks; year not confirmed,https://www.trico.k12.in.us/97-tri-county-primary-web-pages,,791,Small,Rural,,
Tri-Creek School Corporation,Lowell,2012,,Yes,Grades 6-12 (initially); K-12 by 2015,Mixed (iPad or laptop; not Chromebook),per district website: HS and MS started 1:1 laptop program in 2012 (24/7 take-home); expanded to all K-12 in 2015,https://www.tricreek.k12.in.us/departments/educational-technology/index,,3280,Medium,Rural,,
Tri-Township Consolidated School Corporation,Wanatah,,,,,,,,,284,Small,Rural,,
Triton School Corporation,Bourbon,,,,,,,,,931,Small,Rural,,
Twin Lakes School Corporation,Monticello,,,Yes (likely),Not specified,Chromebook,district described as integrating tech with classroom Chromebooks per district profile; year not confirmed,https://www.tlschools.org/,,2102,Medium,Rural,,
Union County/College Corner Joint School District,Liberty,2020,,Yes,K-12 (all students),Chromebook,district implemented 1:1 in 2020 for all K-12; chose Chromebooks for cost and Google tools per district tech page,https://www.uc.k12.in.us/technology,,1278,Medium,Rural,,
Union School Corporation,Modoc,,,,,,FB has no chromebook or ipad results; no public 1:1 device evidence found,https://www.facebook.com/unionschoolcorporation/,,7821,Large,Rural,,
Union Township School Corporation,Valparaiso,2021,,Yes,K-12,Chromebook,RFP issued for 2021-2022 school year,https://www.union.k12.in.us/article/346366?org=utsc,,1386,Medium,Rural,,
Union-North United Schools,Lakeville,,,Yes,K-1 iPads / 2-12 Chromebooks,Mixed (iPad K-1; Chromebook 2-12),district curriculum page describes 1:1 access; year not confirmed,https://unionnorth.org/curriculum/,,1221,Medium,Rural,,
Valparaiso Community Schools,Valparaiso,2018 (by),November,Yes,Grades 2-12,Mixed (Chromebooks 3-12; iPads grade 2),FB device search 2018-11-05 'Tomorrow is our first eLearning Day! Students will... complete assignments on a device' - confirms take-home device program by Nov 2018; MS/HS 1:1; grades 3-5 classroom carts,https://www.nwitimes.com/news/local/porter/valparaiso/the-future-depends-on-students-ability-to-use-technology/article_e96f9c1d-4216-58bb-85b0-31ad753c20ad.html,https://www.facebook.com/profile/100063403516889/search/?q=device,6325,Large,Suburban,,
Vigo County School Corporation,Terre Haute,2020,,Yes,K-12 (~14000 students),Chromebook,Originally planned for ~2024; accelerated ~4 years by pandemic,https://www.tribstar.com/news/indiana_news/lasting-impact-pandemic-changing-education-delivery/article_dc8a9e3d-37a8-54ae-8c7b-7dddbc4470e9.html,,13277,Large,Urban,,
Vincennes Community School Corporation,Vincennes,2018,July,Yes (HS),Lincoln HS confirmed,Chromebook,"upper bound; FB AUP search shows post 2018-07-13 'LHS Acceptable Use Policy and Early Chromebook Pickup Information' linking to 'LHS Chromebook AUP 2018-19' page; chromebook search alone only showed 2025 (FB filters term coverage)",https://www.facebook.com/profile/100063737583123/search/?q=AUP,https://www.facebook.com/profile/100063737583123/search/?q=chromebook,2708,Medium,Rural,,
Wabash City Schools,Wabash,2011,,Yes,All students,Computer (not confirmed Chromebook),"One of Indiana's earliest 1:1 adopters; MS in 2011, rest in 2012",https://www.apaches.k12.in.us/technology,,1463,Medium,Rural,,
Wa-Nee Community Schools,Nappanee,,,,,,FB chromebook and ipad searches both returned no results; no public 1:1 device evidence found,https://www.facebook.com/waneeschools/,,2848,Medium,Rural,,
Warrick County School Corporation,Boonville,2020,,Yes,K-12,Chromebook,upper bound; Tecumseh HS Chromebook Agreement dated 2020-2021; district has 1:1 Initiative Survey Results page,https://www.readkong.com/page/tecumseh-high-school-2020-2021-warrick-county-school-6268033,https://www.warrick.k12.in.us/337222_2,9858,Large,Suburban,,
Warsaw Community Schools,Warsaw,2018 (by),July,Yes,Not specified,iPad (not Chromebook),"upper bound; FB post 2018-07-17 announces new One2One iPad invoice/inventory system; 2018-08-08 post 'WCS iPad Insurance Enrollment Open Now'; iPad district",https://www.facebook.com/profile/100063642875165/search/?q=ipad,,6709,Large,Rural,,
Washington Community Schools,Washington,,,Yes (JH at least),Jr High room/period based,Mixed (Chromebook and iPad),WJHS is 1:1 with room/period-based deployment; eLearning days send Chromebooks/iPads home; year not confirmed,https://wjhs.washingtoncommunityschools.org/our-school/student-handbook-2024-2025,https://www.washingtoncommunityschools.org/academics/elearning,2639,Medium,Rural,,
Wawasee Community School Corporation,Syracuse,2016 (by),September,Yes,K-12 (likely),Chromebook,"upper bound; oldest FB chromebook post 2016-09-29 (Device Insurance signup deadline via Worth Ave Group); 2017-07-11 'new Chromebook cases have arrived'; rollout likely earlier",https://www.facebook.com/profile/100063650216933/search/?q=chromebook,,2638,Medium,Rural,,
Wes-Del Community Schools Corporation,Gaston,,,,,Chromebook,district uses Chromebooks (students bring fully charged daily) but year not confirmed via public source,https://www.wes-del.k12.in.us/,,862,Small,Rural,,
West Central School Corporation,Francesville,,,Yes,K-12 (elem no take-home),,district profile mentions 'one-to-one technology' and elem doesn't take home; year and device type not confirmed,https://www.francesville.net/west-central-school-corp.html,,627,Small,Rural,,
West Lafayette Community School Corporation,West Lafayette,2023,,Yes,Jr/Sr HS (Lenovo 300e),Chromebook,upper bound; school-provided Chromebook free as of 2023-24 per district mobile device page; program existed before this year,https://www.wl.k12.in.us/departments/technology/mobile-device-initiative,,2343,Medium,Urban,,
West Noble School Corporation,Ligonier,,,Yes,Grades 5-11,Chromebook,1:1 Chromebook for grades 5-11 (district keeps over summer); start year not confirmed,https://www.westnoble.k12.in.us/services/technology,,2192,Medium,Rural,,
West Washington School Corporation,Campbellsburg,2019,,Yes,Jr/Sr HS (elem no take-home),Chromebook,"upper bound; West Washington Chromebook handbook dated 2019-2020; $30 annual damage insurance required for HS, elem not charged",https://core-docs.s3.amazonaws.com/documents/asset/uploaded_file/428712/Chromebook_Policy__Procedures__and_Information.pdf,,939,Small,Rural,,
Western Boone County Community School District,Thorntown,,,Yes (7-12),Grades 7-12 take home,Laptop (not Chromebook),"1:1 laptop program; grades 7-12 take home, elem uses laptops but does not take home; year not confirmed",https://www.weboschools.org/parents/technology/11-learning-initiative,,1574,Medium,Rural,,
Western School Corporation,Russiaville,,,,,,FB chromebook search no results; device search hits are bus tracking and internet speed test (unrelated); no rollout evidence found,https://www.facebook.com/WSCPanthers/,,2542,Medium,Rural,,
Western Wayne Schools,Pershing,2014,,,Mixed (iPads/laptops/Chromebooks),Mixed,"upper bound; per Scribd district tech doc, 2014-15 had 100+ iPads, 100+ laptops, 45+ Chromebooks; goal of 1:1 within 2 years (i.e. by ~2016-17)",https://www.scribd.com/doc/253902365/western-wayne-school-technology-initiatives,,739,Small,Rural,,
Westfield Washington Schools,Westfield,2018,,Yes,K-12,Chromebook,"Grades 6-9 via textbook rental; K-5 classroom carts; protection plan ""over seven years"" as of ~2025",https://www.wws.k12.in.us/departments/technology/11-device-program,,10124,Large,Suburban,,
Westview School Corporation,Topeka,2020,August,Yes,9th grade (initially),Chromebook,"upper bound; freshman Chromebook pickup post Aug 5, 2020 on Westview Jr-Sr HS FB; corp-level FB has no Chromebook posts so rollout appears HS-only",https://www.facebook.com/profile/100063966578693/search/?q=chromebook,https://www.westview.k12.in.us/o/westview-jr-sr-hs/article/494715,1931,Medium,Rural,,
White River Valley School District,Switz City,2020,May,,K-12 (HS/MS/ES),iPad,"upper bound (FB iPad drop-off post May 21, 2020 — likely COVID return; district uses iPads not Chromebooks)",https://www.facebook.com/profile/100064931017168/search/?q=ipad,,704,Small,Rural,,
Whitko Community School Corporation,South Whitley,2017,September,Yes,Grades 5 and 9 (rolling 4-year cycle),Chromebook,upper bound (Sept 2017 InkFreeNews describes ongoing 1:1; students keep device 4 years),http://www.inkfreenews.com/2017/09/13/digital-citizenship-week-highlighted-at-whitko/,,1103,Medium,Rural,,
Whitley County Consolidated Schools,Columbia City,2018,,Yes,K-12,Chromebook,Active by at least 2018-2019; every student has daily device access,https://www.wccsonline.com/,,3686,Medium,Rural,,
Yorktown Community Schools,Yorktown,2018,,Yes,K-12 (district-wide),Chromebook,1:1 since 2018-19 per Jo Cox (Tech Integration Specialist) quoted in Business View Magazine,https://businessviewmagazine.com/yorktown-community-schools-yorktown-indiana-delaware-county/,,2793,Medium,Suburban,,
Zionsville Community Schools,Zionsville,2014 (by),July,Yes,Grades 5-12 (HS by 2025),Mixed,FB device-search 2014-07-22 link to Current Zionsville article 'Zionsville Community School goes virtual'; 2013-09-26 'A Postcard from our Children's Future' by Robison; HS freshmen/sophomores Chromebooks fall 2025-2026 was a later expansion not initial 1:1,https://www.zcs.k12.in.us/departments/technology/zionsville-community-schools-chromebook-guidelines,https://www.facebook.com/profile/100063654098105/search/?q=device,7971,Large,Suburban,,
