district_name,state,city,year_started,month_started,one_to_one,grade_levels,device_type,notes,source_url,source_2,seda_rank,seda_row_count
New York City Public Schools,NY,New York,2020 (by),September,Yes (likely),Not specified,Mixed (laptops),"upper bound; FB chromebooks oldest 2020-09-14 (COVID-era distribution); Sep 2025 announcement of 350,000 free laptops new district-wide initiative; ~1.1M students",https://www.facebook.com/profile/100064718199041/search/?q=chromebooks,https://www.nyc.gov/mayors-office/news/2025/09/mayor-adams-to-distribute-350-000-free--brand-new-chromebooks-wi,1,13209
Los Angeles Unified School District,CA,Los Angeles,2013,August,Yes,Initial: Broadacres Elementary (then district-wide plan),iPad,FB ipads search 2013-08-27 LA Times article 'First L.A. Unified school gets iPads in $1-billion effort - An elementary school in Carson on Tuesday became a pioneer in a $1-billion effort to provide iPads to every student in the Los Angeles Unified School District' - this is the famous (later canceled) $1B iPad rollout starting Aug 27 2013,https://www.facebook.com/profile/100064803273731/search/?q=ipads,,2,8014
Chicago Public Schools,IL,Chicago,2020 (by),April,Yes,K-12,Chromebook,FB chromebooks oldest 2020-04-09 (COVID-era distribution); 2023-09-08 Corliss HS post 'students received Chromebooks with internet' for STEM/career pathways,https://www.facebook.com/profile/100064480608394/search/?q=chromebooks,,3,5469
Miami-Dade County Public Schools,FL,Miami,2014,Spring,Yes (phased),"Elem: HP laptop carts; MS: tablets in 7th Civics & 8th US History; HS: tablets 9th-10th",Mixed (HP/Lenovo Windows 8),"Spring 2014 launch for 2014-15 SY; 60K devices in Y1 + 44K in Y2; ~$200M project cost; partnership with HP/Lenovo/Microsoft",https://marketbrief.edweek.org/strategy-operations/miami-dade-schools-to-work-with-hp-lenovo-microsoft-on-1-to-1-technology-plan/2014/02,https://digital.dadeschools.net/pdfs/Mobile_Device_Reference_Guide_2014-15%20final.pdf,4,4138
Houston Independent School District,TX,Houston,2013,Fall,Yes (phased HS),"2013-14: 11 schools (phase 1); 2014-15: 21 HS added; 2015-16: remaining 10 HS",Laptop (later Chromebook from 2022),"PowerUp initiative; goal 1:1 at all 283 schools by 2016; $25/yr usage fee starting 2022-23 SY",https://blogs.houstonisd.org/news/2014/12/19/phase-two-powerup-schools-preparing-for-11-laptop-deployment/,https://www.houstonisd.org/domain/47953,5,3241
Clark County School District,NV,Las Vegas,2020,April,Yes,K-12 (district-wide goal),Chromebook,COVID-driven 1:1 rollout; 55K Chromebooks distributed Apr 2020; 76K more ordered Aug 2020 to reach district-wide 1:1 ratio; $23M additional spend; 5th-largest US district,https://www.reviewjournal.com/local/education/clark-county-students-get-chromebooks-for-distance-learning-2091682/,https://lasvegassun.com/news/2020/apr/16/ccsd-deploys-chromebooks-distance-learning-data/,6,3080
Broward County Public Schools,FL,Fort Lauderdale,2020,Spring,Yes,All students,Laptop,COVID-era 2020-21 SY rollout for in-school and at-home learning; program lapsed after pandemic; reestablished Aug 2025 (every student gets laptop) per Superintendent Hepburn,https://www.caribbeannationalweekly.com/news/local-news/broward-schools-to-reissue-laptops-to-students-starting-august-11/,https://www.browardschools.com/parentsstudentsstaff/parents-families/bcps-one-to-one-laptop-issuance-program,7,2837
Hawaii Department of Education,HI,Honolulu,2009,,Yes (school-by-school then COVID),"Pilot: Kalani HS (since 2009); Keaau Elem/MS in 2012-13 (~1500 laptops); statewide via COVID emergency funds 2020+",Mixed (laptops/tablets),"Makana Connection initiative under Gov Abercrombie 2012; ~1500 laptops at Keaau Elementary + Middle (Hawaii Island) for 2012-13; Kalani HS earliest at 2009; $72M federal Emergency Connectivity Fund 2020 for statewide expansion",https://www.hawaiibusiness.com/a-computer-for-every-student/,https://www.govtech.com/education/k-12/hawaii-schools-to-spend-72m-on-devices-online-learning,8,2782
Philadelphia City School District,PA,Philadelphia,2014,,Yes (initial: 1 school; district-wide 2020),"Initial: Science Leadership Academy freshmen 2014 (Dell Chromebooks); district-wide K-12 by 2020 (COVID-era)",Chromebook,"SLA pilot rollout to freshmen 2014; March 2020 board approved $11M for 50K Chromebooks; combined with existing 40K + 35-40K more needed; full 1:1 by 2020-21 SY",https://thejournal.com/articles/2014/01/23/philly-school-swapping-macs-for-chromebooks-opens-center-of-excellence-in-learning-with-dell.aspx,https://6abc.com/philly-students-open-up-chromebooks-for-first-day-of-school/6400647/,9,2742
Dallas Independent School District,TX,Dallas,2019,October,Yes (phased),"Initial: 6 HS (S Oak Cliff, Lincoln, Roosevelt, Madison, Wilmer Hutchins, Pinkston); 2020: PreK-2 iPads + 3-5 Chromebooks",Mixed (Chromebook + iPad),"Oct 2019: 5300 Chromebooks at 6 HS pilot, partnership with 1Million Project + Sprint for Wi-Fi; Aug 2020: $20M for 46K iPads PreK-2 + 14K Chromebooks gr3-5",https://www.wfaa.com/article/news/education/students-at-six-dallas-isd-high-schools-receiving-take-home-laptops-and-wi-fi/287-6bbe437a-dfa2-4071-8cdd-5a2147fc2a44,https://thehub.dallasisd.org/2020/08/18/dallas-isd-kicks-off-three-week-effort-to-provide-every-elementary-student-with-an-ipad-or-chromebook/,10,2620
Hillsborough County Public Schools,FL,Tampa,2020 (by),April,Yes,K-12,Laptop,FB laptops oldest 2020-04-16 (COVID-era distribution); 2024 employee post recalling pandemic 'delivered laptops and learning'; HEF Tech Connect targets at-risk students,https://www.facebook.com/profile/100068682704611/search/?q=laptops,,11,2550
Orange County Public Schools,FL,Orlando,2013,,Yes,Initial: phased; 2020-21 all MS/HS,Laptop,Laptop initiative started 2013 per district info; by 2020-21 all MS/HS students assigned personal laptops; ~$30M/yr ongoing; BYOD also offered; cost concerns highlighted in 2024 audit,https://www.govtech.com/education/k-12/orange-county-fla-schools-find-1-1-laptop-costs-unsustainable,https://www.ocps.net/departments/curriculum__and_digital_learning/digital_learning/family_technology_handbook,12,2109
San Diego Unified School District,CA,San Diego,2009,,Yes (phased),"Initial 2009-10: 3rd grade, 6th grade, HS math",Laptop (then iPad/Netbook 2010-12; Chromebook 2016+),"2009-10 SY started with ~38K laptops for grades 3/6 + HS math; 2010-12 added iPads + Lenovo Netbooks; 2016 deployed 16K Chromebooks for 47K students (1-to-1); total ~194K devices for 106K students; $133.2M spent",https://thejournal.com/articles/2016/10/25/san-diego-unified-forges-ahead-on-chromebook-1to1.aspx,https://inewsource.org/2017/08/04/student-technology-challenges/,13,2012
Fairfax County Public Schools,VA,Fairfax,2016,,Yes (phased),"Pilot: Chantilly Pyramid 2016; HS-wide 2019-20; PreK-K iPads; gr1-2 laptops; full K-12 by 2023",Mixed (Dell Latitude 3300 + iPads),"FCPSOn initiative; 2016 Chantilly pilot; 61,881 Dell Latitude 3300 laptops for 2019-20 SY HS; PreK-K get iPads; goal K-12 by 2023",https://www.washingtonpost.com/local/education/logging-on-to-learn-all-fairfax-county-high-school-students-getting-laptops/2019/08/11/7fb69136-b953-11e9-a091-6a96e67d9cce_story.html,https://www.fcps.edu/family-resources/technology/fcpson,14,1962
Palm Beach County School District,FL,West Palm Beach,2018,,Yes (initial classroom; expanded 2020),Not specified initially; full district 2020,Chromebook,2018: 25K+ Chromebooks deployed via Penny Sales Tax; 2020 COVID expansion ~$45M for ~100K devices total distributed including WiFi hotspots; ongoing 1:1 take-home policy by 2021,https://bocanewsnow.com/2018/08/14/chromebooks-some-pbc-classes-have-them-others-dont-parents-unhappy/,https://bocanewsnow.com/2021/02/27/chromebook-take-home-policy-reviewed-in-palm-beach-school-district/,15,1909
Memphis-Shelby County Schools,TN,Memphis,2020,August,Yes,"PreK-8 tablets; 9-12 laptops",Mixed (tablet + laptop),"Aug 3 2020 distribution start; ~95K+ devices; $45M plan via June 2020 board vote; PreK-8 issued tablets in protective cases; 9-12 issued laptops with cases; lease-purchase with Microsoft + HP; goal complete by Nov 2020",https://www.localmemphis.com/article/news/education/free-laptops-and-tablets-to-be-given-to-shelby-county-schools-students-starting-august-3/522-05acfdfd-b03a-479d-aeed-fa669ccd9127,https://wreg.com/news/shelby-county-schools-to-provide-devices-to-every-student-in-the-district/,16,1846
District of Columbia Public Schools,DC,Washington,2013,,Yes (initial Blended Learning; full 1:1 by 2020),"Initial Blended Learning 2013; 3 schools VILS tablet 1:1 ~2017; full Chromebook for 2020-21",Mixed (tablets then Chromebooks),"DCPS Blended Learning initiative launched 2013; 3 schools entered Verizon Innovative Learning Schools device grant (1:1 tablet) ~2017; Chromebooks distributed for 2020-21 SY (COVID-era full 1:1)",https://digitalpromise.org/district/district-of-columbia-public-schools/,https://dcps.dc.gov/,17,1792
Wake County Public School System,NC,Raleigh,2020,April,Yes,K-12,Chromebook,COVID-era 1:1 launched April 3 2020 for ~160K students; first universal program (pre-2020 had only carts/labs); district considering scaling back as of 2025-26 due to costs,https://www.cbs17.com/news/local-news/wake-county-news/wake-county-schools-working-to-provide-laptops-for-every-student-ahead-of-new-academic-year/,https://www.govtech.com/education/k-12/wake-county-n-c-schools-ending-1-1-student-device-program,18,1735
Duval County Public Schools,FL,Jacksonville,2020,March,Yes (post-COVID),Not specified,Laptop,Pre-COVID NOT 1:1 - had to pull tech from classrooms; March 2020 emergency laptop checkout at 10 locations; 2022 $22M for 43K laptops + 10K hotspots via AT&T,https://www.firstcoastnews.com/article/news/health/coronavirus/duval-county-public-schools-rolls-out-new-plan-to-expand-laptop-distribution-for-those-in-need/77-45a82a79-4a22-4f72-9078-7bacb44e9bda,https://www.news4jax.com/news/local/2022/04/08/deadline-approaches-for-duval-county-students-in-need-to-apply-for-free-laptop-hot-spot/,19,1722
Detroit Public Schools Community District,MI,Detroit,2020,April,Yes,K-12,Mixed (tablets + laptops),Connected Futures Project announced April 2020 - $23M for ~50K wireless tablets + laptops + internet access to all ~51K students; later Student Technology Initiative pilot HS Fall 2022 deployment Jan 2023,https://www.clickondetroit.com/news/local/2020/04/23/watch-live-officials-announce-plan-to-bridge-digital-divide-for-51000-detroit-students/,https://www.detroitk12.org/Page/10871,20,1701
Albuquerque Public Schools,NM,Albuquerque,2020 (by),April,Yes,Initial: HS freshmen/sophomores; expanded,Mixed (Chromebook + iPad),COVID-era distribution; April 2020 freshmen/sophomores got Chromebooks; broader 1:1 launched during pandemic; Dell Chromebooks district standard,https://www.krqe.com/news/education/aps-continues-chromebook-distribution-for-freshmen-sophomores/,https://www.aps.edu/schools/covid-updates-for-2021-2022/images/dell-chromebook/view,21,1696
Charlotte-Mecklenburg Schools,NC,Charlotte,2014,November,Yes (phased),"MS 2014-15 (30K Chromebooks); HS take-home 2018; K-5 stays at school",Chromebook,2014-15 SY: 30K Chromebooks deployed for MS students at $220 each; $1.6M Race to the Top funding; HS take-home 1:1 launched Fall 2018; K-5 keeps Chromebooks at school,https://www.k12dive.com/news/nc-district-deploys-30k-chromebooks-in-middle-schools/364872/,https://www.cmsk12.org/technology-services/technology-support-15441/device-fee-structure,22,1682
Prince George's County Public Schools,MD,Upper Marlboro,2012,,Yes (initial 4 schools; district-wide 2014),"Initial: 4 Title I middle schools (2012, 3K iPads); district-wide 2014",Mixed (iPad initial then Chromebook),2012: 3K iPads to 4 Title I middle schools (1:1 model in those schools); district-wide Chromebook 1:1 by 2014; further COVID-era expansion April 2020,https://www.peardeck.com/pear-deck-blog/pgcps-case-study,https://www.wusa9.com/article/news/local/maryland/pgcps-chromebook-distribution-begins-internet-access-also-provided/65-d0654f53-b6c4-4f02-8692-02c911acb578,23,1672
Montgomery County Public Schools,MD,Rockville,2014,August,Yes (phased classroom-only initially),"Initial: gr3/5/6 + HS Social Studies; K-2 Android tablets by 2017-18",Mixed (Chromebook + Android tablet),Aug 2014: 40K laptops/tablets initial rollout; Chromebooks to grades 3/5/6 and HS social studies; 100K devices by 2017-18 plan; classroom-only initially - take-home expanded during COVID,https://www.washingtonpost.com/local/education/montgomery-announces-school-technology-initiative-with-40000-laptops-and-tablets/2014/07/10/3060e1ec-0835-11e4-8a6a-19355c7e870a_story.html,https://www.edweek.org/technology/maryland-district-approves-big-chromebook-adoption/2014/07,24,1650
Milwaukee Public Schools,WI,Milwaukee,2020,April,Yes,K-12,Chromebook,COVID-era April 2020 distribution: HS Apr 16-17 then MS Apr 20 then ES Apr 22-24; each student got 2 Chromebooks (one home one school); 5 MS got free Verizon hotspots,https://www.tmj4.com/news/coronavirus/milwaukee-public-schools-distribute-chromebook-laptops-to-students-amid-closures,https://www.tmj4.com/news/local-news/mps-teams-up-with-verizon-to-provide-new-chromebooks-free-internet-access-to-students,25,1617
Denver Public Schools,CO,Denver,2017,Fall,Yes (phased),"MyTech 2017-18: 13 schools; 2020 bond expanded to all MS+HS; K-5 added during COVID",Chromebook,DSST first 1:1 HS in CO via HP grant; $10M MyTech bond launched 2017-18 SY across 13 schools; Nov 2020 bond expanded to all middle/high; K-5 added with hand-me-downs during COVID; ~78K total devices ~$18.3M since 2021,https://www.dpsk12.org/chromebook-surprise/,https://coloradosun.com/2023/05/26/colorado-schools-chromebooks-churn-outdated/,26,1558
Baltimore City Public Schools,MD,Baltimore,2020,April,Yes,K-12,Chromebook,Pre-2020: ~13K Chromebooks already distributed (Verizon partnership pre-pandemic ~1,300 to select schools); April 2020 emergency purchase of 12K Chromebooks + 14K chargers during COVID; all students now district-issued Chromebook,https://baltimorebrew.com/2020/04/30/city-schools-purchases-12000-chromebooks-and-14000-chargers/,https://www.cbsnews.com/baltimore/news/verizon-innovative-learning-initiative-baltimore-city-schools-chromebooks-latest/,27,1494
Columbus City Schools,OH,Columbus,2020,Spring,Yes,K-12,Chromebook,Spring 2020 COVID-era distribution; ~20K Chromebooks + 1K hotspots by June 2020 via $7M CARES Act funding; another 20K shipped for Fall 2020; ~52K total to provide laptop for every student; K-8 not permitted to take home initially,https://abc6onyourside.com/news/local/ccs-provides-laptops-to-students-fall-2020,https://www.asumag.com/covid-19/article/21137708/columbus-ohio-gives-school-district-7-million-for-laptop-computers,28,1477
Jefferson County Public Schools R-1,CO,Golden,2019,August,Yes (phased),"TechforEd Phase 1: gr5/9 at 54 schools (Aug 2019); Phase 2: 50 more schools (Nov 2019); remaining 15 schools (Jan 2020); now gr1-12",Mixed (Chromebook + iPad),Jeffco TechforEd 4-year plan launched Aug 2019 with gr5 + gr9 at 54 neighborhood/option schools; new devices given at grades 1/5/9; full gr1-12 by 2023; touchscreen Chromebooks + iPads,https://jeffcopen.com/jeffco-launches-techfored-program/,https://www.jeffcopublicschools.org/services/technology/tech-for-ed,29,1459
Jefferson County Public Schools,KY,Louisville,2017,Fall,Yes (phased),"Glasgow MHS pilot 2017-18; district-wide rolling deploy 2018-2023; major 2020-21 expansion to ~50K students",Chromebook,Glasgow Middle High School pilot 2017-18; 2018-2023 rolling teacher/student deployment; spring 2020 ~20K Chromebooks distributed (COVID); 30K more for 2020-21 SY; total ~50K by 2020-21,https://spectrumnews1.com/ky/louisville/news/2020/08/05/jcps-chromebook-rollout,https://www.wdrb.com/in-depth/jcps-buying-chromebooks-with-built-in-cellular-service-to-boost-access-for-students/article_4c388c80-02f5-11ed-9d33-7f9f92cecae4.html,30,1414
Gwinnett County Public Schools,GA,Lawrenceville,2012,Fall,Yes (phased),BYOD pilot 14 schools 2012; full district 1:1 by 2020,Mixed (BYOD initial; Chromebook district-wide),"Fall 2012 BYOD pilot at 14 schools across 5 clusters as part of eCLASS digital-content initiative; district-wide Chromebook 1:1 expanded Aug 2020 (~50K Chromebooks distributed COVID-era); now ~205K Chromebooks in circulation; gr3-12 take-home, K-2 in-classroom",https://patch.com/georgia/lawrenceville-ga/eclass-in-session-at-lawrenceville-gwinnett-schools,https://gwinnettmagazine.com/byod-bring-your-own-device-what-does-it-mean/,31,12707
Cobb County School District,GA,Marietta,2020,August,Yes (phased),HS first 2020-21 SY; MS added 2022; ES based on need,Mixed (Dell Latitude 3190),"Aug 2020 emergency 2,600 Chromebooks ($800K) plus 750 from churches via Stratix to address virtual learning; 'Learn Everywhere' Dell Latitude 3190 1:1 launched 2020-21 SY for HS; ~15K HS laptops by Jan 2022; expanded to MS in 2022; opt-in via ParentVue",http://eastcobbnews.com/cobb-school-district-receives-computer-devices-for-virtual-learning/,https://www.cobbk12.org/lassiter/_ci/p/54740,32,8326
Cypress-Fairbanks ISD,TX,Cypress,2020,August,Yes,K-12,Chromebook,"$44M LTE 1:1 'Learning Together Everywhere' program board-approved July 2020; distribution Aug 2020; all HS + CFISD Connect students by end of 1st semester 2020-21; full district by spring 2021 (supply-chain delays slowed elementary)",https://www.khou.com/article/news/education/cypress-fairbanks-isd-laptops-wifi-program-remote-learning/285-06f5775a-c051-46ae-93bd-1cba93b644b6,https://communityimpact.com/houston/cy-fair/education/2021/01/29/heres-how-far-along-cy-fair-isd-is-in-the-chromebook-distribution-process/,33,8244
Polk County Public Schools,FL,Bartow,2022,Fall,Yes,K-12,Mixed (iPad ES + laptop MS/HS),"One-to-One Digital Learning Initiative announced 2022 for fall 2022 SY; ~110K students (FL 7th-largest district); iPads for elementary, laptops for middle/high; funded by ESSER + Emergency Connectivity Fund (ECF)",https://polkschoolsfl.com/newsrelease/pcps-providing-devices-to-all-students-through-one-to-one-digital-learning-initiative/,https://www.fox13news.com/news/polk-county-public-schools-providing-laptops-ipads-to-every-student-this-year,34,7989
DeKalb County School District,GA,Stone Mountain,2017,June,Yes (phased),Phase 1: ES (June 2017); MS+HS subsequent; full Pre-K-12 by 2025-26,Chromebook,"'Digital Dreamers' initiative; first 25,000+ Chromebooks ordered for elementary schools beginning June 19 2017; 2-year district rollout plan; 2025 Stratix contract to manage 110,000+ Chromebook deployment district-wide; PreK-12 1:1 confirmed for 2025-26",http://factchecker.stanjester.com/2017/08/7369/,https://www.mdjonline.com/neighbor_newspapers/dekalb-county-students-to-receive-chromebooks-hotspots-this-fall/article_bf44f944-81fd-11e7-bda5-cfa6b99d7a4e.html,35,7918
Baltimore County Public Schools,MD,Towson,2014,Fall,Yes (phased),Initial 2014: K-5 + 10 Lighthouse Schools; full 1-12 by 2017-18,Mixed (HP EliteBook 810 Revolve initial; Chromebook ES from 2018),"$147M STAT (Students & Teachers Accessing Tomorrow) initiative; 150K Windows 8.1 devices over 4 years starting Fall 2014; HP EliteBook 810 Revolve initial; switched to Chromebooks in elementary May 2018 for cost; scaled back take-home for ES/MS in 2025-26",https://blogs.microsoft.com/blog/2014/05/02/baltimore-county-public-schools-choose-150000-windows-devices-to-transform-teaching-and-learning/,https://thejournal.com/articles/2014/05/05/baltimore-county-public-schools-to-rollout-150000-windows-8-devices-over-four-years.aspx,36,7835
Pinellas County Schools,FL,Largo,2019,,Yes (phased),Initial: gr3-4 at 36 low-income schools (2019); full gr3-10 1:1 by 2022-23,Mixed (laptop / Dell laptop),"$4M digital-divide initiative 2019: ~4,000 laptops to gr3-4 at 36 low-income schools; COVID expansion 2020 added 42K laptops; PCS Connects full 1:1 gr3-10 by 2022-23 SY (Dell laptops); K-2 and 11-12 still classroom-only",https://www.tampabay.com/news/education/pinellas-students-get-laptops-to-curb-the-digital-divide/2150648/,https://www.tampabay.com/news/health/2020/06/23/pinellas-schools-to-get-42000-laptops-for-students-to-take-home/,37,7826
Northside Independent School District,TX,San Antonio,2020 (by),,Yes,K-12,Mixed (Chromebook + laptop + tablet),"Pre-COVID device shortages; COVID-era 2020 distribution funded with local + federal stimulus; ~107K students; achieved 1:1 by end of 2020-21 SY; some parents had to self-fund early in pandemic; Northside Technology Lending Program is opt-out",https://sanantonioreport.org/google-classroom-and-chromebooks-san-antonio-school-districts-ready-distance-learning-plans/,https://www.nisd.net/help/device-lending,38,7608
Austin Independent School District,TX,Austin,2017,Fall,Yes (phased),Initial Fall 2017: HS; Fall 2019: 8th grade; Spring 2020: all students,Chromebook,"Everyone:1 initiative launched Fall 2017 with HS students assigned 2-in-1 Chromebooks; expanded to 8th grade Fall 2019; all students K-12 received devices Spring 2020 (COVID expansion); Pre-K-2 in-class; 3-12 take-home",https://www.austinisd.org/sites/default/files/dept/technology/docs/everyone1/Everyone-1_AISD_English_final_080819.pdf,https://www.austinisd.org/technology/student-devices,39,7285
Fort Worth Independent School District,TX,Fort Worth,2020 (by),April,Yes (phased),6-12 had access pre-COVID; ES added April 2020,Chromebook,"All gr6-12 had access to district-issued Chromebooks pre-pandemic; April 2020 emergency board approval $1.19M for 3,160 additional Chromebooks for ES + $1.3M for 6K hotspots ('Learning at Home' initiative); Fall 2020 4 hr/day online learning required",https://www.cbsnews.com/texas/news/fwisd-purchase-thousands-computers-hotspots-student-learning-home-coronavirus-outbreak/,https://www.cbsnews.com/texas/news/fort-worth-isd-digital-access-thousands-chromebooks-distributed/,40,7044
Fulton County Schools,GA,Atlanta,2015,January,Yes (phased),Phased Jan 2015 - Sep 2017 across ~100 schools; gr3-12,Mixed (iPad / Surface / Dell Latitude / Chromebook),"$28.3M iSchool initiative implementation Jan 2015 - Sep 2017; 17,500 devices across 23 schools by 2016; multiple device options (iPad, Microsoft Surface, Dell Latitude, Dell Chromebook) per school personalized-learning plan; gr3-12 currently issued",https://www.ajc.com/news/local-education/fulton-schools-rolling-out-tech-devices-students/loQwHmdi6ojtISP0kN0qWK/,https://www.theodysseyonline.com/ischool-initiative-fulton-county-schools,41,7029
School District of Lee County,FL,Fort Myers,2020,March,Yes,K-12,Chromebook,"COVID-era March 2020 emergency distribution: gr3-5 first then K-2 week of Mar 23; ~$500K initial; 2,000 additional Chromebooks ordered to meet demand; IDE Corp workshop designed for district 1:1 rollout post-pandemic",https://www.winknews.com/news/lee/lee-county-schools-to-distribute-chromebooks-to-students-who-need-them/article_3482c185-0d0a-57b3-92a8-24bfd4238257.html,https://sites.google.com/a/idecorp.com/lee-county-1-to-1-chromebook-rollout/,42,6606
Metro Nashville Public Schools,TN,Nashville,2020,June,Yes,K-12,Laptop,"~$24M federal CARES Act funding announced June 2020 by Mayor Cooper for laptops + internet for ~81K MNPS students; 60K+ laptops distributed (only 124 stolen); supplementary Tech Goes Home program with NPEF for digital literacy training plus free Chromebook; gr3-12 take-home",https://tennesseelookout.com/2020/06/23/metro-nashville-schools-laptops-wont-be-ready-for-all-students-when-school-starts/,https://nashvillepef.org/tech-goes-home/,43,6466
Prince William County Public Schools,VA,Manassas,2020,March,Yes (phased),Pre-2020 plan: HS first then gr3-12; COVID expansion full,Laptop,"Pre-COVID: $16M 4-year Digital Equity plan to provide devices for gr3-12 with HS first; March 2020 emergency order of 15,500 laptops; HS by Sept-Nov 2020; current student device handbook covers all gr3-12",https://www.insidenova.com/news/education/prince_william/prince-william-schools-order-15-500-laptops-in-rush-toward-online-instruction/article_14835d7c-74c9-11ea-b74b-77c1fd028af2.html,https://www.pwcs.edu/departments/instructional_technology/device_handbook/index,44,6429
Long Beach Unified School District,CA,Long Beach,2020,March,Yes,K-12,Chromebook,"COVID-era March 25 2020 distribution start at multiple schools (incl Jordan HS); 70K+ student rollout for in-home internet + Chromebooks during 5-week shutdown; ongoing partnership with human-I-T for low-cost devices/internet; recent Chromebook refresh via Golden Star Technology",https://lbpost.com/news/education/lbusd-to-offer-kids-access-to-chromebooks-home-internet,https://gstinc.com/long-beach-usd-chromebook-refresh/,45,6336
Alpine School District,UT,American Fork,2015,Fall,Yes (phased),Pilot 2015: 3 schools (incl Pleasant Grove JH; English depts initial); secondary expansion 2020+,Chromebook,"2015 Next Generation 1:1 pilot at 3 schools (Pleasant Grove JH first via English dept) with 900 Dell Chromebooks plus Wi-Fi upgrade; district inventory grew from ~15K Chromebooks (2014) to 67K (2020); secondary student 1:1 take-home approved 2020",https://alpineschools.org/one-to-one/,https://www.sltrib.com/news/education/2015/12/07/digital-devices-for-every-utah-student-districts-launch-technology-initiatives/,46,6175
Fresno Unified School District,CA,Fresno,2015,,Yes (phased; full by 2020),BYOD/issued: secondary first 2015; full K-12 by 2020 COVID,Mixed (Asus T100 BYOD initial; Chromebook district-issued),"2015 Asus supplied 15K Asus Transformer T100 Windows 8.1 BYOD devices; 2020 COVID-era full 1:1 to 74K students; Nov 2025 - June 2026 elementary returning laptops (in-class only) due to ~30% damage/loss rate ($4M/yr); MS+HS retain take-home",https://infotechlead.com/mobility/asus-transformer-t100-windows8-1-devices-support-byod-fresno-unified-school-district-21378,https://edsource.org/2026/fresno-unified-elementary-students-must-return-laptops-as-district-shifts-focus-to-in-class-use/751213,47,6082
Granite School District,UT,Salt Lake City,2020,Spring,Yes,K-5 in-class; 6-12 take-home,Chromebook,"COVID-era Spring 2020 emergency distribution; WiFi buses launched April 2020; current K-5 in-class only and secondary (6-12) take-home; 1:1 confirmed; iBoss content filter on home networks; Jan 2026 board reviewing program effectiveness (avg 71 min/day on Chromebook)",https://kslnewsradio.com/1923444/granite-school-district-buses-wifi/,https://www.graniteschools.org/edtech/chromebooks/,48,5935
Mesa Public Schools,AZ,Mesa,2020 (by),December,Yes (phased),Phased to all sites by Dec 2020,Mixed (Windows + iPad + Chromebook),"63K+ Windows student devices pre-2020; planned 1:1 at all sites by December 2020; June 2020 ~9K laptops purchased for K-6; mix of iPads, Chromebooks, Windows + Android tablets; ~7K families had no internet/devices identified in 2020 survey",https://www.mpsaz.org/edtech/resources/chromebook/,https://en.wikipedia.org/wiki/Mesa_Public_Schools,49,5932
Davis School District,UT,Farmington,2020 (by),,Yes (phased),K-2 in-class carts; 3-12 individual access,Chromebook,"COVID-era 2020 emergency distribution; current 1:1 with K-2 in-class (carts) and individual access gr3-12; specific launch year of 1:1 not pinned in public sources; remote-learning device support page exists",https://www.davis.k12.ut.us/o/dsd/page/devices-support-for-remote-learning,https://www.davis.k12.ut.us/page/technology-services,50,5839
Anne Arundel County Public Schools,MD,Annapolis,2020,Spring,Yes (initially gr3-12),Initial gr3-12 take-home (2020); 2024-25 reverted to in-school for PreK-8,Chromebook,"COVID-era 2020 take-home Chromebooks gr3-12 introduced; 2024-25 SY scaled back: PreK-8 in-school only; gr9-12 keep Chromebooks; Jan 2026 gr10-11 receiving HP Elitebook 6 devices; loaner program available",https://www.baltimoresun.com/2024/02/16/chromebook-distribution-aacps/,https://www.aacps.org/page/student-devices,51,5742
Guilford County Schools,NC,Greensboro,2020,Fall,Yes,K-12,Mixed (iPad K-3 + Chromebook 4-12),"~$35M investment ($19M CARES + state + local) for 79K laptops/iPads in 2020; iPad for K-3 + MacBook Air for K-3 teachers; Lenovo Chromebook for 4-12 students + Lenovo ThinkPad for staff; final shipment March 2021; gr5 students get Chromebook for 4-year cycle",https://greensboro.com/news/education/guilford-county-bought-79-000-laptops-and-ipads-for-schools-but-most-wont-come-for/article_75052b50-dd9a-11ea-8ffc-5fed361e2494.html,https://greensboro.com/news/local/for-guilford-schools-a-milestone-a-new-laptop-or-tablet-available-for-each-student/article_2ae8db58-8cb7-11eb-9bac-637a11cb631c.html,52,5723
Greenville County Schools,SC,Greenville,2016,August,Yes (phased),Initial Aug 2016: 10 schools (~7500 gr3-12); 3-year district-wide rollout,Chromebook,"$20M Personalized Learning Chromebook initiative ($12M school board allocation); first 10 schools Aug 2016 (Bell's Crossing/Brushy Creek/Buena Vista/Mauldin ES/Mitchell Road/Stone Academy ES + Berea/Northwood/Mauldin MS + Mauldin HS); ~$250/Chromebook; 3-year phased rollout to gr3-12",https://greenvillejournal.com/news/greenville-county-schools-begins-rolling-20-million-initiative-will-put-chromebooks-hands-third-12th-graders/,https://gsabusiness.com/news/education/70213/,53,5522
Pasco County Schools,FL,Land O Lakes,2020,March,Yes,K-12 (need-based initially),Mixed (laptop + tablet),"COVID-era launch late March 2020; first drive-thru distribution Mar 30 2020; 28,500 devices total with 17,871 distributed by April 2020; need-based distribution first then expanded; myPascoConnect platform for SSO; full 1:1 currently",https://floridaphoenix.com/2020/04/22/a-conundrum-fl-students-must-learn-online-at-home-but-not-all-districts-and-families-have-enough-laptops/,https://www.tampabay.com/news/education/2020/04/18/florida-lent-laptops-to-thousands-of-students-do-they-know-how-to-use-them/,54,5422
Virginia Beach City Public Schools,VA,Virginia Beach,2016,,Yes (phased),Started 2016; full gr1-12 at 86 schools by 2018-19 SY,Chromebook,"District-wide 1:1 Chromebook initiative started 2016; added 19,000 Chromebooks to achieve 1:1 by 2018-19 SY; rollout to all gr1-12 across 86 schools and centers; current K-12 1:1 model",http://www.vbcpsblogs.com/core/vbcps-adds-19000-chromebooks-to-achieve-11/,https://www.amplifiedit.com/vbcps-1to1/,55,5340
North East Independent School District,TX,San Antonio,2020,Spring,Yes (formal 2023),COVID-era distribution 2020; formal Connected Classroom K-12 launched 2023,Mixed (iPad K-2 + Samsung Chromebook 3-12),"Drive-thru Chromebook distribution Spring 2020 (COVID); formal Connected Classroom 1:1 launched Feb 2023 (iPad K-2; Samsung Chromebook 4 gr3-12); $25 optional insurance via SchoolCash Online; opt-in lending model; pre-2023 was BYOD focus",https://newspaper.neisd.net/johnson/2023/02/21/connected-classroom-launches-allowing-students-to-rent-chromebooks/,https://www.techlearning.com/how-to/remote-learning-in-action-drive-thru-chromebook-distribution,56,5321
Brevard Public Schools,FL,Viera,2020,Spring,Yes (phased),COVID 2020 ES emergency; expanded MS 2021-22; gradual full 1:1 by 2022-23,Mixed (laptop / Chromebook),"COVID-era 2020 emergency distribution end of 2019-20 SY; pandemic relief funds for take-home devices; 11 MS rolled out 2021-22; ind schools (e.g. Edgewood) full 1:1 starting 2022-23; 2025 ban on personal devices K-12",https://www.clickorlando.com/news/local/2021/08/16/brevard-public-schools-assigns-take-home-computers-to-middle-schoolers/,https://www.brevardschools.org/page/11-devices,57,5285
Loudoun County Public Schools,VA,Ashburn,2018,August,Yes (phased),Wave 1 (2018-19): 46 of 92 schools; Waves 2+3 by 2020-21 SY,Chromebook,"3-year 1:1 initiative; Wave 1 Aug 2018 distributed Chromebooks to all students at 46 of 92 schools; Loudoun County HS distribution Aug 23 2018; full K-12 by 2020-21 SY (every student in every school received district-owned device); Waves 2+3 = 25 schools combined",https://www.loudountimes.com/news/loudoun-county-public-schools-rolls-out-the-chromebooks/article_9edda74c-bc3e-11e8-a850-ebe437dbd33a.html,https://www.edelements.com/lcps-personalized-learning-with-google,58,5258
